REGION,SETTLEMENTDATE,TOTALDEMAND,RRP,PERIODTYPE
SA1,2023/03/01 00:05:00,1382.01,84.20,TRADE
SA1,2023/03/01 00:10:00,1394.56,85.58,TRADE
SA1,2023/03/01 00:15:00,1399.27,83.51,TRADE
SA1,2023/03/01 00:20:00,1382.8,81.74,TRADE
SA1,2023/03/01 00:25:00,1400.37,81.18,TRADE
SA1,2023/03/01 00:30:00,1406.71,83.51,TRADE
SA1,2023/03/01 00:35:00,1390.34,81.63,TRADE
SA1,2023/03/01 00:40:00,1394.83,82.32,TRADE
SA1,2023/03/01 00:45:00,1387.33,81.90,TRADE
SA1,2023/03/01 00:50:00,1388.54,79.06,TRADE
SA1,2023/03/01 00:55:00,1389.34,71.70,TRADE
SA1,2023/03/01 01:00:00,1394.54,65.34,TRADE
SA1,2023/03/01 01:05:00,1385.49,78.92,TRADE
SA1,2023/03/01 01:10:00,1388.18,72.47,TRADE
SA1,2023/03/01 01:15:00,1379.3,50.50,TRADE
SA1,2023/03/01 01:20:00,1362.72,73.21,TRADE
SA1,2023/03/01 01:25:00,1339.38,68.77,TRADE
SA1,2023/03/01 01:30:00,1352.4,53.12,TRADE
SA1,2023/03/01 01:35:00,1331.83,63.02,TRADE
SA1,2023/03/01 01:40:00,1319.46,47.83,TRADE
SA1,2023/03/01 01:45:00,1299.16,66.32,TRADE
SA1,2023/03/01 01:50:00,1295.46,57.27,TRADE
SA1,2023/03/01 01:55:00,1306.43,54.87,TRADE
SA1,2023/03/01 02:00:00,1289.37,64.97,TRADE
SA1,2023/03/01 02:05:00,1297.26,68.02,TRADE
SA1,2023/03/01 02:10:00,1297.91,68.10,TRADE
SA1,2023/03/01 02:15:00,1291.46,63.28,TRADE
SA1,2023/03/01 02:20:00,1277.44,58.48,TRADE
SA1,2023/03/01 02:25:00,1275.18,63.58,TRADE
SA1,2023/03/01 02:30:00,1253.16,59.48,TRADE
SA1,2023/03/01 02:35:00,1242.39,58.48,TRADE
SA1,2023/03/01 02:40:00,1229.36,54.34,TRADE
SA1,2023/03/01 02:45:00,1223.85,55.16,TRADE
SA1,2023/03/01 02:50:00,1229.85,54.37,TRADE
SA1,2023/03/01 02:55:00,1225.84,53.57,TRADE
SA1,2023/03/01 03:00:00,1252.11,52.11,TRADE
SA1,2023/03/01 03:05:00,1244.94,55.43,TRADE
SA1,2023/03/01 03:10:00,1242.15,55.79,TRADE
SA1,2023/03/01 03:15:00,1222.69,51.94,TRADE
SA1,2023/03/01 03:20:00,1223.64,52.72,TRADE
SA1,2023/03/01 03:25:00,1208.13,59.13,TRADE
SA1,2023/03/01 03:30:00,1201.24,60.18,TRADE
SA1,2023/03/01 03:35:00,1220.45,66.67,TRADE
SA1,2023/03/01 03:40:00,1214.15,66.76,TRADE
SA1,2023/03/01 03:45:00,1239.92,66.27,TRADE
SA1,2023/03/01 03:50:00,1223.69,73.28,TRADE
SA1,2023/03/01 03:55:00,1224.25,73.28,TRADE
SA1,2023/03/01 04:00:00,1231.54,73.67,TRADE
SA1,2023/03/01 04:05:00,1229.55,83.47,TRADE
SA1,2023/03/01 04:10:00,1229.9,83.47,TRADE
SA1,2023/03/01 04:15:00,1218.72,83.86,TRADE
SA1,2023/03/01 04:20:00,1207.26,87.23,TRADE
SA1,2023/03/01 04:25:00,1211.75,84.28,TRADE
SA1,2023/03/01 04:30:00,1225.72,87.89,TRADE
SA1,2023/03/01 04:35:00,1248.41,85.65,TRADE
SA1,2023/03/01 04:40:00,1240.29,89.72,TRADE
SA1,2023/03/01 04:45:00,1231.76,87.74,TRADE
SA1,2023/03/01 04:50:00,1255.68,103.71,TRADE
SA1,2023/03/01 04:55:00,1251.15,103.76,TRADE
SA1,2023/03/01 05:00:00,1249.02,105.70,TRADE
SA1,2023/03/01 05:05:00,1255.37,105.78,TRADE
SA1,2023/03/01 05:10:00,1279.44,125.01,TRADE
SA1,2023/03/01 05:15:00,1277.86,136.30,TRADE
SA1,2023/03/01 05:20:00,1280.71,141.63,TRADE
SA1,2023/03/01 05:25:00,1283.94,156.11,TRADE
SA1,2023/03/01 05:30:00,1317.11,150.81,TRADE
SA1,2023/03/01 05:35:00,1321.12,128.56,TRADE
SA1,2023/03/01 05:40:00,1350.56,128.06,TRADE
SA1,2023/03/01 05:45:00,1373.98,131.98,TRADE
SA1,2023/03/01 05:50:00,1363.58,145.94,TRADE
SA1,2023/03/01 05:55:00,1385.13,146.25,TRADE
SA1,2023/03/01 06:00:00,1397.7,155.73,TRADE
SA1,2023/03/01 06:05:00,1400.65,122.71,TRADE
SA1,2023/03/01 06:10:00,1436.19,118.37,TRADE
SA1,2023/03/01 06:15:00,1462.87,145.92,TRADE
SA1,2023/03/01 06:20:00,1457.63,157.36,TRADE
SA1,2023/03/01 06:25:00,1497.64,158.15,TRADE
SA1,2023/03/01 06:30:00,1461.26,124.57,TRADE
SA1,2023/03/01 06:35:00,1478.71,125.87,TRADE
SA1,2023/03/01 06:40:00,1485.17,126.49,TRADE
SA1,2023/03/01 06:45:00,1502.91,98.09,TRADE
SA1,2023/03/01 06:50:00,1507.15,94.61,TRADE
SA1,2023/03/01 06:55:00,1531.84,105.05,TRADE
SA1,2023/03/01 07:00:00,1533.59,88.90,TRADE
SA1,2023/03/01 07:05:00,1520.78,87.14,TRADE
SA1,2023/03/01 07:10:00,1513.17,87.88,TRADE
SA1,2023/03/01 07:15:00,1492.22,86.69,TRADE
SA1,2023/03/01 07:20:00,1492.33,87.58,TRADE
SA1,2023/03/01 07:25:00,1482.89,85.81,TRADE
SA1,2023/03/01 07:30:00,1440.34,75.61,TRADE
SA1,2023/03/01 07:35:00,1394.57,81.44,TRADE
SA1,2023/03/01 07:40:00,1375.48,79.72,TRADE
SA1,2023/03/01 07:45:00,1400.89,79.27,TRADE
SA1,2023/03/01 07:50:00,1358.32,70.78,TRADE
SA1,2023/03/01 07:55:00,1334.38,69.30,TRADE
SA1,2023/03/01 08:00:00,1301.06,69.50,TRADE
SA1,2023/03/01 08:05:00,1294.07,24.39,TRADE
SA1,2023/03/01 08:10:00,1291.3,23.76,TRADE
SA1,2023/03/01 08:15:00,1270.17,4.68,TRADE
SA1,2023/03/01 08:20:00,1255.44,3.62,TRADE
SA1,2023/03/01 08:25:00,1249.49,4.54,TRADE
SA1,2023/03/01 08:30:00,1213.24,3.19,TRADE
SA1,2023/03/01 08:35:00,1188.78,18.17,TRADE
SA1,2023/03/01 08:40:00,1207.1,2.62,TRADE
SA1,2023/03/01 08:45:00,1161.8,3.35,TRADE
SA1,2023/03/01 08:50:00,1152.72,7.96,TRADE
SA1,2023/03/01 08:55:00,1109.08,5.41,TRADE
SA1,2023/03/01 09:00:00,1091.01,-33.44,TRADE
SA1,2023/03/01 09:05:00,1090.58,-3.30,TRADE
SA1,2023/03/01 09:10:00,1083.12,4.33,TRADE
SA1,2023/03/01 09:15:00,1085.98,-44.55,TRADE
SA1,2023/03/01 09:20:00,1121.53,-39.66,TRADE
SA1,2023/03/01 09:25:00,1120.88,-34.65,TRADE
SA1,2023/03/01 09:30:00,1073.22,-39.46,TRADE
SA1,2023/03/01 09:35:00,1091.93,-35.07,TRADE
SA1,2023/03/01 09:40:00,1039.56,-39.69,TRADE
SA1,2023/03/01 09:45:00,1051.52,-33.49,TRADE
SA1,2023/03/01 09:50:00,1061.39,-38.96,TRADE
SA1,2023/03/01 09:55:00,1056.38,-34.27,TRADE
SA1,2023/03/01 10:00:00,1055.89,-39.25,TRADE
SA1,2023/03/01 10:05:00,1040.86,-33.10,TRADE
SA1,2023/03/01 10:10:00,1025.26,-30.63,TRADE
SA1,2023/03/01 10:15:00,1017.51,2.69,TRADE
SA1,2023/03/01 10:20:00,989.42,-25.54,TRADE
SA1,2023/03/01 10:25:00,1000.5,-30.63,TRADE
SA1,2023/03/01 10:30:00,1012.24,-28.36,TRADE
SA1,2023/03/01 10:35:00,1024.27,-11.01,TRADE
SA1,2023/03/01 10:40:00,1000.61,-8,TRADE
SA1,2023/03/01 10:45:00,1036.94,-8.17,TRADE
SA1,2023/03/01 10:50:00,983.33,-32.14,TRADE
SA1,2023/03/01 10:55:00,956.95,-42.01,TRADE
SA1,2023/03/01 11:00:00,963.53,-32.15,TRADE
SA1,2023/03/01 11:05:00,955.17,-32.54,TRADE
SA1,2023/03/01 11:10:00,954.65,-12.20,TRADE
SA1,2023/03/01 11:15:00,949.27,-4.62,TRADE
SA1,2023/03/01 11:20:00,998.78,-3.21,TRADE
SA1,2023/03/01 11:25:00,967.74,-32.93,TRADE
SA1,2023/03/01 11:30:00,948.61,-17.32,TRADE
SA1,2023/03/01 11:35:00,961.63,-17.43,TRADE
SA1,2023/03/01 11:40:00,956.05,-17.43,TRADE
SA1,2023/03/01 11:45:00,939.76,-14.61,TRADE
SA1,2023/03/01 11:50:00,936.67,-33.53,TRADE
SA1,2023/03/01 11:55:00,935.65,-33.14,TRADE
SA1,2023/03/01 12:00:00,932.75,-33.56,TRADE
SA1,2023/03/01 12:05:00,905.94,-32.95,TRADE
SA1,2023/03/01 12:10:00,904.1,-31.60,TRADE
SA1,2023/03/01 12:15:00,877.17,-25.60,TRADE
SA1,2023/03/01 12:20:00,885.93,-38.38,TRADE
SA1,2023/03/01 12:25:00,906.6,-32.75,TRADE
SA1,2023/03/01 12:30:00,895.2,-37.72,TRADE
SA1,2023/03/01 12:35:00,861.39,-31.99,TRADE
SA1,2023/03/01 12:40:00,841.11,-42.01,TRADE
SA1,2023/03/01 12:45:00,849.53,-46.80,TRADE
SA1,2023/03/01 12:50:00,863.87,-42.01,TRADE
SA1,2023/03/01 12:55:00,844.74,-35.85,TRADE
SA1,2023/03/01 13:00:00,834.34,-42.01,TRADE
SA1,2023/03/01 13:05:00,831.46,-32.20,TRADE
SA1,2023/03/01 13:10:00,836.23,-29.60,TRADE
SA1,2023/03/01 13:15:00,792.2,-32.39,TRADE
SA1,2023/03/01 13:20:00,783.82,-46.24,TRADE
SA1,2023/03/01 13:25:00,792.23,-42.01,TRADE
SA1,2023/03/01 13:30:00,799.65,-42.01,TRADE
SA1,2023/03/01 13:35:00,795.11,-42.01,TRADE
SA1,2023/03/01 13:40:00,773.61,-46.24,TRADE
SA1,2023/03/01 13:45:00,777.72,-42.01,TRADE
SA1,2023/03/01 13:50:00,778.76,-46.90,TRADE
SA1,2023/03/01 13:55:00,780.82,-46.80,TRADE
SA1,2023/03/01 14:00:00,779.66,-46.90,TRADE
SA1,2023/03/01 14:05:00,767.6,-46.90,TRADE
SA1,2023/03/01 14:10:00,755.3,-46.80,TRADE
SA1,2023/03/01 14:15:00,726.21,-46.90,TRADE
SA1,2023/03/01 14:20:00,738.35,-46.90,TRADE
SA1,2023/03/01 14:25:00,740.39,-46.80,TRADE
SA1,2023/03/01 14:30:00,759.84,-46.80,TRADE
SA1,2023/03/01 14:35:00,763.11,-46.70,TRADE
SA1,2023/03/01 14:40:00,757.11,-34.55,TRADE
SA1,2023/03/01 14:45:00,707.83,-43.67,TRADE
SA1,2023/03/01 14:50:00,746.64,-42.38,TRADE
SA1,2023/03/01 14:55:00,764.59,-37.74,TRADE
SA1,2023/03/01 15:00:00,736.61,-37.73,TRADE
SA1,2023/03/01 15:05:00,714.37,-46.24,TRADE
SA1,2023/03/01 15:10:00,710.51,-46.24,TRADE
SA1,2023/03/01 15:15:00,734.97,-46.24,TRADE
SA1,2023/03/01 15:20:00,753.06,-46.24,TRADE
SA1,2023/03/01 15:25:00,750.17,-46.24,TRADE
SA1,2023/03/01 15:30:00,753.86,-46.90,TRADE
SA1,2023/03/01 15:35:00,745.93,-46.24,TRADE
SA1,2023/03/01 15:40:00,756.79,-46.24,TRADE
SA1,2023/03/01 15:45:00,758.13,-46.24,TRADE
SA1,2023/03/01 15:50:00,778.62,-45.90,TRADE
SA1,2023/03/01 15:55:00,798.45,-32.37,TRADE
SA1,2023/03/01 16:00:00,815.62,-32.36,TRADE
SA1,2023/03/01 16:05:00,791.75,-46.80,TRADE
SA1,2023/03/01 16:10:00,830.83,-46.24,TRADE
SA1,2023/03/01 16:15:00,833.84,-46.70,TRADE
SA1,2023/03/01 16:20:00,847.84,-45.90,TRADE
SA1,2023/03/01 16:25:00,870.3,-42.01,TRADE
SA1,2023/03/01 16:30:00,871.62,-32.52,TRADE
SA1,2023/03/01 16:35:00,858.51,-9.83,TRADE
SA1,2023/03/01 16:40:00,867.55,-46.24,TRADE
SA1,2023/03/01 16:45:00,903.47,-10.03,TRADE
SA1,2023/03/01 16:50:00,935.67,7.78,TRADE
SA1,2023/03/01 16:55:00,966.2,11.64,TRADE
SA1,2023/03/01 17:00:00,980.64,22.34,TRADE
SA1,2023/03/01 17:05:00,1004.13,16.24,TRADE
SA1,2023/03/01 17:10:00,1015.91,14.78,TRADE
SA1,2023/03/01 17:15:00,1063.6,23.27,TRADE
SA1,2023/03/01 17:20:00,1064.09,30.50,TRADE
SA1,2023/03/01 17:25:00,1084.9,23,TRADE
SA1,2023/03/01 17:30:00,1116.47,26.56,TRADE
SA1,2023/03/01 17:35:00,1156.23,6.72,TRADE
SA1,2023/03/01 17:40:00,1156.3,8.52,TRADE
SA1,2023/03/01 17:45:00,1186.47,31.80,TRADE
SA1,2023/03/01 17:50:00,1199.48,31.75,TRADE
SA1,2023/03/01 17:55:00,1235.03,126.97,TRADE
SA1,2023/03/01 18:00:00,1263.95,132.51,TRADE
SA1,2023/03/01 18:05:00,1301.07,119.96,TRADE
SA1,2023/03/01 18:10:00,1333.12,119.43,TRADE
SA1,2023/03/01 18:15:00,1360.48,120.39,TRADE
SA1,2023/03/01 18:20:00,1372.91,120.73,TRADE
SA1,2023/03/01 18:25:00,1412.71,138.92,TRADE
SA1,2023/03/01 18:30:00,1429.26,140.07,TRADE
SA1,2023/03/01 18:35:00,1455.28,141.61,TRADE
SA1,2023/03/01 18:40:00,1465.45,148.35,TRADE
SA1,2023/03/01 18:45:00,1465.49,120.31,TRADE
SA1,2023/03/01 18:50:00,1484.07,122.19,TRADE
SA1,2023/03/01 18:55:00,1502.07,120.10,TRADE
SA1,2023/03/01 19:00:00,1526.38,118.08,TRADE
SA1,2023/03/01 19:05:00,1529.64,89.11,TRADE
SA1,2023/03/01 19:10:00,1546.57,110.44,TRADE
SA1,2023/03/01 19:15:00,1547.42,113.79,TRADE
SA1,2023/03/01 19:20:00,1557.15,113.52,TRADE
SA1,2023/03/01 19:25:00,1553.84,114.07,TRADE
SA1,2023/03/01 19:30:00,1554.32,111.74,TRADE
SA1,2023/03/01 19:35:00,1559.94,117.53,TRADE
SA1,2023/03/01 19:40:00,1550.91,111.80,TRADE
SA1,2023/03/01 19:45:00,1563.92,110.44,TRADE
SA1,2023/03/01 19:50:00,1566.67,112.08,TRADE
SA1,2023/03/01 19:55:00,1579.41,112.40,TRADE
SA1,2023/03/01 20:00:00,1580.51,110.44,TRADE
SA1,2023/03/01 20:05:00,1554.9,113.02,TRADE
SA1,2023/03/01 20:10:00,1548.89,111.32,TRADE
SA1,2023/03/01 20:15:00,1537.85,110.44,TRADE
SA1,2023/03/01 20:20:00,1552.78,109.32,TRADE
SA1,2023/03/01 20:25:00,1536.68,101.64,TRADE
SA1,2023/03/01 20:30:00,1524.6,99.64,TRADE
SA1,2023/03/01 20:35:00,1522.32,107.95,TRADE
SA1,2023/03/01 20:40:00,1526.08,100.61,TRADE
SA1,2023/03/01 20:45:00,1508.01,100.93,TRADE
SA1,2023/03/01 20:50:00,1519.11,93.17,TRADE
SA1,2023/03/01 20:55:00,1498.42,85.44,TRADE
SA1,2023/03/01 21:00:00,1482.56,81.92,TRADE
SA1,2023/03/01 21:05:00,1479.29,97.03,TRADE
SA1,2023/03/01 21:10:00,1463.02,87.16,TRADE
SA1,2023/03/01 21:15:00,1471.66,84.38,TRADE
SA1,2023/03/01 21:20:00,1456.87,88.40,TRADE
SA1,2023/03/01 21:25:00,1448.6,83.30,TRADE
SA1,2023/03/01 21:30:00,1439.64,81.11,TRADE
SA1,2023/03/01 21:35:00,1425.05,85.44,TRADE
SA1,2023/03/01 21:40:00,1437.77,86.60,TRADE
SA1,2023/03/01 21:45:00,1437.79,93.81,TRADE
SA1,2023/03/01 21:50:00,1443.8,82.85,TRADE
SA1,2023/03/01 21:55:00,1422.69,80.66,TRADE
SA1,2023/03/01 22:00:00,1413.9,79.57,TRADE
SA1,2023/03/01 22:05:00,1403.53,99.53,TRADE
SA1,2023/03/01 22:10:00,1410.83,105.61,TRADE
SA1,2023/03/01 22:15:00,1394.78,94.73,TRADE
SA1,2023/03/01 22:20:00,1360.31,82.67,TRADE
SA1,2023/03/01 22:25:00,1374.99,85.04,TRADE
SA1,2023/03/01 22:30:00,1384.54,96.53,TRADE
SA1,2023/03/01 22:35:00,1386.33,94.28,TRADE
SA1,2023/03/01 22:40:00,1384.18,94.77,TRADE
SA1,2023/03/01 22:45:00,1354.1,93.62,TRADE
SA1,2023/03/01 22:50:00,1344.43,85.33,TRADE
SA1,2023/03/01 22:55:00,1331.2,88.57,TRADE
SA1,2023/03/01 23:00:00,1316.91,81.45,TRADE
SA1,2023/03/01 23:05:00,1340.01,96.68,TRADE
SA1,2023/03/01 23:10:00,1354.38,92.36,TRADE
SA1,2023/03/01 23:15:00,1347.76,108.04,TRADE
SA1,2023/03/01 23:20:00,1330.1,95.76,TRADE
SA1,2023/03/01 23:25:00,1333.5,85.21,TRADE
SA1,2023/03/01 23:30:00,1378.07,89.35,TRADE
SA1,2023/03/01 23:35:00,1409.91,89.47,TRADE
SA1,2023/03/01 23:40:00,1432.59,91.91,TRADE
SA1,2023/03/01 23:45:00,1423.46,91.13,TRADE
SA1,2023/03/01 23:50:00,1426.45,92.91,TRADE
SA1,2023/03/01 23:55:00,1411.4,91.91,TRADE
SA1,2023/03/02 00:00:00,1406.07,96.54,TRADE
SA1,2023/03/02 00:05:00,1411.64,96.62,TRADE
SA1,2023/03/02 00:10:00,1418.89,110.44,TRADE
SA1,2023/03/02 00:15:00,1423.13,110.57,TRADE
SA1,2023/03/02 00:20:00,1435.35,111.73,TRADE
SA1,2023/03/02 00:25:00,1436.47,110.13,TRADE
SA1,2023/03/02 00:30:00,1444.93,110.44,TRADE
SA1,2023/03/02 00:35:00,1427.47,101.44,TRADE
SA1,2023/03/02 00:40:00,1427.9,104.09,TRADE
SA1,2023/03/02 00:45:00,1419.98,101.96,TRADE
SA1,2023/03/02 00:50:00,1414.05,95.77,TRADE
SA1,2023/03/02 00:55:00,1411.24,99.80,TRADE
SA1,2023/03/02 01:00:00,1414.55,97.52,TRADE
SA1,2023/03/02 01:05:00,1400.14,95.59,TRADE
SA1,2023/03/02 01:10:00,1386.31,100.50,TRADE
SA1,2023/03/02 01:15:00,1383.27,96.60,TRADE
SA1,2023/03/02 01:20:00,1367.81,94.69,TRADE
SA1,2023/03/02 01:25:00,1330.97,95.68,TRADE
SA1,2023/03/02 01:30:00,1326.65,86.24,TRADE
SA1,2023/03/02 01:35:00,1321.85,98.54,TRADE
SA1,2023/03/02 01:40:00,1325.64,110.44,TRADE
SA1,2023/03/02 01:45:00,1302.96,109.82,TRADE
SA1,2023/03/02 01:50:00,1300.7,97.54,TRADE
SA1,2023/03/02 01:55:00,1291.64,95.99,TRADE
SA1,2023/03/02 02:00:00,1284.11,95.09,TRADE
SA1,2023/03/02 02:05:00,1303.07,97.25,TRADE
SA1,2023/03/02 02:10:00,1282.71,110.44,TRADE
SA1,2023/03/02 02:15:00,1290.3,97.24,TRADE
SA1,2023/03/02 02:20:00,1257.25,93.49,TRADE
SA1,2023/03/02 02:25:00,1251.51,93.16,TRADE
SA1,2023/03/02 02:30:00,1228.53,93.73,TRADE
SA1,2023/03/02 02:35:00,1234.48,97.83,TRADE
SA1,2023/03/02 02:40:00,1241.71,96.12,TRADE
SA1,2023/03/02 02:45:00,1242.06,98.76,TRADE
SA1,2023/03/02 02:50:00,1232.74,98.89,TRADE
SA1,2023/03/02 02:55:00,1242.23,100.37,TRADE
SA1,2023/03/02 03:00:00,1226.19,96.88,TRADE
SA1,2023/03/02 03:05:00,1220.21,97.33,TRADE
SA1,2023/03/02 03:10:00,1222.86,110.44,TRADE
SA1,2023/03/02 03:15:00,1214.02,100.07,TRADE
SA1,2023/03/02 03:20:00,1211.33,101.68,TRADE
SA1,2023/03/02 03:25:00,1207.68,100.96,TRADE
SA1,2023/03/02 03:30:00,1220.43,110.44,TRADE
SA1,2023/03/02 03:35:00,1207,97.35,TRADE
SA1,2023/03/02 03:40:00,1203.97,98.13,TRADE
SA1,2023/03/02 03:45:00,1200.43,101.86,TRADE
SA1,2023/03/02 03:50:00,1209.38,110.44,TRADE
SA1,2023/03/02 03:55:00,1203.71,110.44,TRADE
SA1,2023/03/02 04:00:00,1219.94,119,TRADE
SA1,2023/03/02 04:05:00,1197.31,88.32,TRADE
SA1,2023/03/02 04:10:00,1211.21,99.62,TRADE
SA1,2023/03/02 04:15:00,1221.92,97.68,TRADE
SA1,2023/03/02 04:20:00,1215.96,98.66,TRADE
SA1,2023/03/02 04:25:00,1223.8,106.38,TRADE
SA1,2023/03/02 04:30:00,1227.09,110.44,TRADE
SA1,2023/03/02 04:35:00,1238.33,105.26,TRADE
SA1,2023/03/02 04:40:00,1237.91,127.53,TRADE
SA1,2023/03/02 04:45:00,1241.32,141.71,TRADE
SA1,2023/03/02 04:50:00,1241.96,142.42,TRADE
SA1,2023/03/02 04:55:00,1251.48,118.83,TRADE
SA1,2023/03/02 05:00:00,1244.69,120.47,TRADE
SA1,2023/03/02 05:05:00,1252.25,110.51,TRADE
SA1,2023/03/02 05:10:00,1280.44,149.44,TRADE
SA1,2023/03/02 05:15:00,1266.08,149.44,TRADE
SA1,2023/03/02 05:20:00,1262.86,170.26,TRADE
SA1,2023/03/02 05:25:00,1282.95,147.39,TRADE
SA1,2023/03/02 05:30:00,1280.72,145.20,TRADE
SA1,2023/03/02 05:35:00,1286.86,111.80,TRADE
SA1,2023/03/02 05:40:00,1346.21,132.93,TRADE
SA1,2023/03/02 05:45:00,1338.24,133.52,TRADE
SA1,2023/03/02 05:50:00,1351.36,133.17,TRADE
SA1,2023/03/02 05:55:00,1363.69,137.60,TRADE
SA1,2023/03/02 06:00:00,1371.85,148.72,TRADE
SA1,2023/03/02 06:05:00,1404.01,161.71,TRADE
SA1,2023/03/02 06:10:00,1425.54,175.94,TRADE
SA1,2023/03/02 06:15:00,1428.99,254.59,TRADE
SA1,2023/03/02 06:20:00,1438.15,193.28,TRADE
SA1,2023/03/02 06:25:00,1483.64,243.52,TRADE
SA1,2023/03/02 06:30:00,1464.48,176.78,TRADE
SA1,2023/03/02 06:35:00,1466.28,173.05,TRADE
SA1,2023/03/02 06:40:00,1482,149.44,TRADE
SA1,2023/03/02 06:45:00,1481.31,147.06,TRADE
SA1,2023/03/02 06:50:00,1497.16,149.44,TRADE
SA1,2023/03/02 06:55:00,1511.53,124.72,TRADE
SA1,2023/03/02 07:00:00,1498.54,109.92,TRADE
SA1,2023/03/02 07:05:00,1513.58,129.75,TRADE
SA1,2023/03/02 07:10:00,1505.24,136.10,TRADE
SA1,2023/03/02 07:15:00,1491.35,101.47,TRADE
SA1,2023/03/02 07:20:00,1493,92.09,TRADE
SA1,2023/03/02 07:25:00,1491.42,132.27,TRADE
SA1,2023/03/02 07:30:00,1465.66,92.54,TRADE
SA1,2023/03/02 07:35:00,1444.73,98.16,TRADE
SA1,2023/03/02 07:40:00,1448.91,109.76,TRADE
SA1,2023/03/02 07:45:00,1449.22,90.31,TRADE
SA1,2023/03/02 07:50:00,1404.1,88.95,TRADE
SA1,2023/03/02 07:55:00,1407.65,88.75,TRADE
SA1,2023/03/02 08:00:00,1382.31,87.59,TRADE
SA1,2023/03/02 08:05:00,1350.51,110.27,TRADE
SA1,2023/03/02 08:10:00,1316.73,94.40,TRADE
SA1,2023/03/02 08:15:00,1310.25,93.05,TRADE
SA1,2023/03/02 08:20:00,1306.29,93.01,TRADE
SA1,2023/03/02 08:25:00,1281.1,86.74,TRADE
SA1,2023/03/02 08:30:00,1278.51,86.28,TRADE
SA1,2023/03/02 08:35:00,1273.49,101.14,TRADE
SA1,2023/03/02 08:40:00,1261.08,100.73,TRADE
SA1,2023/03/02 08:45:00,1241,102.52,TRADE
SA1,2023/03/02 08:50:00,1195.49,99.52,TRADE
SA1,2023/03/02 08:55:00,1172,101.20,TRADE
SA1,2023/03/02 09:00:00,1155.42,94.54,TRADE
SA1,2023/03/02 09:05:00,1145.82,102.24,TRADE
SA1,2023/03/02 09:10:00,1115.68,85.15,TRADE
SA1,2023/03/02 09:15:00,1104.67,31.78,TRADE
SA1,2023/03/02 09:20:00,1089.67,81.09,TRADE
SA1,2023/03/02 09:25:00,1078.94,82.06,TRADE
SA1,2023/03/02 09:30:00,1044.45,20.93,TRADE
SA1,2023/03/02 09:35:00,1030.89,19.73,TRADE
SA1,2023/03/02 09:40:00,1006.31,20.66,TRADE
SA1,2023/03/02 09:45:00,962.49,78.63,TRADE
SA1,2023/03/02 09:50:00,994.42,80.51,TRADE
SA1,2023/03/02 09:55:00,963.86,21.27,TRADE
SA1,2023/03/02 10:00:00,984.71,21.38,TRADE
SA1,2023/03/02 10:05:00,964.43,21,TRADE
SA1,2023/03/02 10:10:00,947.5,21.04,TRADE
SA1,2023/03/02 10:15:00,957.38,20.66,TRADE
SA1,2023/03/02 10:20:00,947.29,20.59,TRADE
SA1,2023/03/02 10:25:00,941.27,9.63,TRADE
SA1,2023/03/02 10:30:00,926.7,-23,TRADE
SA1,2023/03/02 10:35:00,916.51,20.66,TRADE
SA1,2023/03/02 10:40:00,911.54,9.29,TRADE
SA1,2023/03/02 10:45:00,915.43,19.86,TRADE
SA1,2023/03/02 10:50:00,913.27,19.47,TRADE
SA1,2023/03/02 10:55:00,890.64,9.21,TRADE
SA1,2023/03/02 11:00:00,882.74,38.98,TRADE
SA1,2023/03/02 11:05:00,892.45,19.44,TRADE
SA1,2023/03/02 11:10:00,888.1,-38.67,TRADE
SA1,2023/03/02 11:15:00,889.55,20.66,TRADE
SA1,2023/03/02 11:20:00,872.72,-0.23,TRADE
SA1,2023/03/02 11:25:00,832.59,-37.23,TRADE
SA1,2023/03/02 11:30:00,813.62,-5.94,TRADE
SA1,2023/03/02 11:35:00,802.92,-13.47,TRADE
SA1,2023/03/02 11:40:00,789.8,-35.85,TRADE
SA1,2023/03/02 11:45:00,795.34,-14.95,TRADE
SA1,2023/03/02 11:50:00,781.69,10.57,TRADE
SA1,2023/03/02 11:55:00,739.73,8.97,TRADE
SA1,2023/03/02 12:00:00,736.05,17.47,TRADE
SA1,2023/03/02 12:05:00,727.88,-37.45,TRADE
SA1,2023/03/02 12:10:00,738.55,0,TRADE
SA1,2023/03/02 12:15:00,738.83,8.92,TRADE
SA1,2023/03/02 12:20:00,735.57,-1.40,TRADE
SA1,2023/03/02 12:25:00,723.84,12.42,TRADE
SA1,2023/03/02 12:30:00,728.18,8.82,TRADE
SA1,2023/03/02 12:35:00,732.12,8.87,TRADE
SA1,2023/03/02 12:40:00,739.61,2.31,TRADE
SA1,2023/03/02 12:45:00,733.04,8.58,TRADE
SA1,2023/03/02 12:50:00,745.91,-37.87,TRADE
SA1,2023/03/02 12:55:00,727.69,2.39,TRADE
SA1,2023/03/02 13:00:00,722.86,-43.63,TRADE
SA1,2023/03/02 13:05:00,776.97,20.29,TRADE
SA1,2023/03/02 13:10:00,785.94,-16.79,TRADE
SA1,2023/03/02 13:15:00,761.97,-19.82,TRADE
SA1,2023/03/02 13:20:00,780.34,-44.10,TRADE
SA1,2023/03/02 13:25:00,820.88,13.91,TRADE
SA1,2023/03/02 13:30:00,777.75,-41.29,TRADE
SA1,2023/03/02 13:35:00,826.19,-36.04,TRADE
SA1,2023/03/02 13:40:00,793.45,-35.46,TRADE
SA1,2023/03/02 13:45:00,800.59,-17,TRADE
SA1,2023/03/02 13:50:00,782.22,-35.24,TRADE
SA1,2023/03/02 13:55:00,777.47,-34.68,TRADE
SA1,2023/03/02 14:00:00,764.38,-30.06,TRADE
SA1,2023/03/02 14:05:00,758.22,-23.29,TRADE
SA1,2023/03/02 14:10:00,753.7,-17.93,TRADE
SA1,2023/03/02 14:15:00,762.69,-18.24,TRADE
SA1,2023/03/02 14:20:00,776,-18.12,TRADE
SA1,2023/03/02 14:25:00,777.92,-30.55,TRADE
SA1,2023/03/02 14:30:00,780.68,-17.25,TRADE
SA1,2023/03/02 14:35:00,777.94,-17.15,TRADE
SA1,2023/03/02 14:40:00,744.87,-33.89,TRADE
SA1,2023/03/02 14:45:00,749.55,-34.08,TRADE
SA1,2023/03/02 14:50:00,748.64,-33.69,TRADE
SA1,2023/03/02 14:55:00,739.29,-33.30,TRADE
SA1,2023/03/02 15:00:00,751.39,-32.72,TRADE
SA1,2023/03/02 15:05:00,763.75,-32.52,TRADE
SA1,2023/03/02 15:10:00,781.38,-32.91,TRADE
SA1,2023/03/02 15:15:00,767.28,-32.88,TRADE
SA1,2023/03/02 15:20:00,765.84,-32.88,TRADE
SA1,2023/03/02 15:25:00,761.5,-33.26,TRADE
SA1,2023/03/02 15:30:00,784.12,-33.06,TRADE
SA1,2023/03/02 15:35:00,783.94,-33.25,TRADE
SA1,2023/03/02 15:40:00,787.79,-17.30,TRADE
SA1,2023/03/02 15:45:00,789.66,-17.19,TRADE
SA1,2023/03/02 15:50:00,808.96,-17.40,TRADE
SA1,2023/03/02 15:55:00,811.13,-10.59,TRADE
SA1,2023/03/02 16:00:00,848.33,4.38,TRADE
SA1,2023/03/02 16:05:00,842.06,0.02,TRADE
SA1,2023/03/02 16:10:00,827.94,1.82,TRADE
SA1,2023/03/02 16:15:00,879.7,-20.83,TRADE
SA1,2023/03/02 16:20:00,892.88,7.91,TRADE
SA1,2023/03/02 16:25:00,901.41,0.02,TRADE
SA1,2023/03/02 16:30:00,945.05,7.92,TRADE
SA1,2023/03/02 16:35:00,976.9,12.74,TRADE
SA1,2023/03/02 16:40:00,984.39,22.54,TRADE
SA1,2023/03/02 16:45:00,1003.58,-20.14,TRADE
SA1,2023/03/02 16:50:00,1062.33,7.77,TRADE
SA1,2023/03/02 16:55:00,1073.42,19.96,TRADE
SA1,2023/03/02 17:00:00,1117.97,16.04,TRADE
SA1,2023/03/02 17:05:00,1139.27,11.18,TRADE
SA1,2023/03/02 17:10:00,1138.61,-2.38,TRADE
SA1,2023/03/02 17:15:00,1170.44,7.63,TRADE
SA1,2023/03/02 17:20:00,1193.82,5.81,TRADE
SA1,2023/03/02 17:25:00,1216.36,7.06,TRADE
SA1,2023/03/02 17:30:00,1249.51,17.29,TRADE
SA1,2023/03/02 17:35:00,1249.41,13.45,TRADE
SA1,2023/03/02 17:40:00,1272.93,13.69,TRADE
SA1,2023/03/02 17:45:00,1294.71,15.61,TRADE
SA1,2023/03/02 17:50:00,1321.39,20.66,TRADE
SA1,2023/03/02 17:55:00,1336.99,50.67,TRADE
SA1,2023/03/02 18:00:00,1362.15,116.35,TRADE
SA1,2023/03/02 18:05:00,1360.37,110.44,TRADE
SA1,2023/03/02 18:10:00,1380.72,148.34,TRADE
SA1,2023/03/02 18:15:00,1372.86,147.24,TRADE
SA1,2023/03/02 18:20:00,1398.42,135.82,TRADE
SA1,2023/03/02 18:25:00,1437.09,148.96,TRADE
SA1,2023/03/02 18:30:00,1471.01,149.44,TRADE
SA1,2023/03/02 18:35:00,1452.04,145.77,TRADE
SA1,2023/03/02 18:40:00,1484.84,127.95,TRADE
SA1,2023/03/02 18:45:00,1507.38,120.40,TRADE
SA1,2023/03/02 18:50:00,1507.6,121.08,TRADE
SA1,2023/03/02 18:55:00,1504.66,110.44,TRADE
SA1,2023/03/02 19:00:00,1505.75,123.77,TRADE
SA1,2023/03/02 19:05:00,1525.92,125.81,TRADE
SA1,2023/03/02 19:10:00,1542.89,126.55,TRADE
SA1,2023/03/02 19:15:00,1541.21,118.01,TRADE
SA1,2023/03/02 19:20:00,1522.18,119.40,TRADE
SA1,2023/03/02 19:25:00,1539.06,120.18,TRADE
SA1,2023/03/02 19:30:00,1552.42,120.03,TRADE
SA1,2023/03/02 19:35:00,1563.67,110.58,TRADE
SA1,2023/03/02 19:40:00,1549.21,120.42,TRADE
SA1,2023/03/02 19:45:00,1567.3,123.30,TRADE
SA1,2023/03/02 19:50:00,1536.34,104.01,TRADE
SA1,2023/03/02 19:55:00,1572.99,116.05,TRADE
SA1,2023/03/02 20:00:00,1549.22,111.41,TRADE
SA1,2023/03/02 20:05:00,1548.13,117.42,TRADE
SA1,2023/03/02 20:10:00,1585.08,127.24,TRADE
SA1,2023/03/02 20:15:00,1512.12,114.22,TRADE
SA1,2023/03/02 20:20:00,1508.42,92.28,TRADE
SA1,2023/03/02 20:25:00,1509.04,89.92,TRADE
SA1,2023/03/02 20:30:00,1486.15,85.05,TRADE
SA1,2023/03/02 20:35:00,1482.89,108.57,TRADE
SA1,2023/03/02 20:40:00,1476.82,88.72,TRADE
SA1,2023/03/02 20:45:00,1477.76,88.75,TRADE
SA1,2023/03/02 20:50:00,1459.7,81.94,TRADE
SA1,2023/03/02 20:55:00,1460.69,81.08,TRADE
SA1,2023/03/02 21:00:00,1446.08,80.65,TRADE
SA1,2023/03/02 21:05:00,1442.13,80.23,TRADE
SA1,2023/03/02 21:10:00,1430.79,78.93,TRADE
SA1,2023/03/02 21:15:00,1424.75,78.51,TRADE
SA1,2023/03/02 21:20:00,1416.68,78.10,TRADE
SA1,2023/03/02 21:25:00,1419.4,78.49,TRADE
SA1,2023/03/02 21:30:00,1410,78.09,TRADE
SA1,2023/03/02 21:35:00,1420.19,78.10,TRADE
SA1,2023/03/02 21:40:00,1392.88,76.81,TRADE
SA1,2023/03/02 21:45:00,1411.21,77.26,TRADE
SA1,2023/03/02 21:50:00,1399.36,76.76,TRADE
SA1,2023/03/02 21:55:00,1399.19,75.71,TRADE
SA1,2023/03/02 22:00:00,1367.99,71.88,TRADE
SA1,2023/03/02 22:05:00,1358.52,72.71,TRADE
SA1,2023/03/02 22:10:00,1367.02,71.72,TRADE
SA1,2023/03/02 22:15:00,1371.61,74.41,TRADE
SA1,2023/03/02 22:20:00,1349.24,72.51,TRADE
SA1,2023/03/02 22:25:00,1336.69,71.68,TRADE
SA1,2023/03/02 22:30:00,1338.08,74.04,TRADE
SA1,2023/03/02 22:35:00,1335.25,72.08,TRADE
SA1,2023/03/02 22:40:00,1321.53,73.39,TRADE
SA1,2023/03/02 22:45:00,1315.06,73.50,TRADE
SA1,2023/03/02 22:50:00,1313.26,72.76,TRADE
SA1,2023/03/02 22:55:00,1303.31,72.37,TRADE
SA1,2023/03/02 23:00:00,1310.09,71.89,TRADE
SA1,2023/03/02 23:05:00,1315.87,73.25,TRADE
SA1,2023/03/02 23:10:00,1298.74,77.70,TRADE
SA1,2023/03/02 23:15:00,1279.25,75.64,TRADE
SA1,2023/03/02 23:20:00,1281.3,73.63,TRADE
SA1,2023/03/02 23:25:00,1292.87,72.87,TRADE
SA1,2023/03/02 23:30:00,1304.18,72.32,TRADE
SA1,2023/03/02 23:35:00,1380.38,79.56,TRADE
SA1,2023/03/02 23:40:00,1409.89,77.04,TRADE
SA1,2023/03/02 23:45:00,1381.2,75.63,TRADE
SA1,2023/03/02 23:50:00,1381.86,76.17,TRADE
SA1,2023/03/02 23:55:00,1365.76,67.12,TRADE
SA1,2023/03/03 00:00:00,1372.4,71.99,TRADE
SA1,2023/03/03 00:05:00,1374.45,69.31,TRADE
SA1,2023/03/03 00:10:00,1411.85,74.81,TRADE
SA1,2023/03/03 00:15:00,1376.37,13.09,TRADE
SA1,2023/03/03 00:20:00,1397.85,74.86,TRADE
SA1,2023/03/03 00:25:00,1379.15,68.90,TRADE
SA1,2023/03/03 00:30:00,1387.15,63.32,TRADE
SA1,2023/03/03 00:35:00,1400.03,61.81,TRADE
SA1,2023/03/03 00:40:00,1416.9,20.66,TRADE
SA1,2023/03/03 00:45:00,1398.79,54.85,TRADE
SA1,2023/03/03 00:50:00,1395.24,69.41,TRADE
SA1,2023/03/03 00:55:00,1369.4,70.07,TRADE
SA1,2023/03/03 01:00:00,1372.29,20.66,TRADE
SA1,2023/03/03 01:05:00,1380.36,58.08,TRADE
SA1,2023/03/03 01:10:00,1359.42,55.26,TRADE
SA1,2023/03/03 01:15:00,1361.23,60.66,TRADE
SA1,2023/03/03 01:20:00,1337.21,60.54,TRADE
SA1,2023/03/03 01:25:00,1327.4,63.25,TRADE
SA1,2023/03/03 01:30:00,1315.03,64.76,TRADE
SA1,2023/03/03 01:35:00,1294.67,64.94,TRADE
SA1,2023/03/03 01:40:00,1302.98,66.37,TRADE
SA1,2023/03/03 01:45:00,1299.93,64.77,TRADE
SA1,2023/03/03 01:50:00,1303.01,72.78,TRADE
SA1,2023/03/03 01:55:00,1274.08,69.02,TRADE
SA1,2023/03/03 02:00:00,1274.5,59.98,TRADE
SA1,2023/03/03 02:05:00,1280.09,63.20,TRADE
SA1,2023/03/03 02:10:00,1276,67.59,TRADE
SA1,2023/03/03 02:15:00,1264.16,67.59,TRADE
SA1,2023/03/03 02:20:00,1240.72,65.48,TRADE
SA1,2023/03/03 02:25:00,1249.19,52.99,TRADE
SA1,2023/03/03 02:30:00,1245.78,58.32,TRADE
SA1,2023/03/03 02:35:00,1230.63,61.09,TRADE
SA1,2023/03/03 02:40:00,1233.25,33.43,TRADE
SA1,2023/03/03 02:45:00,1231.19,59.05,TRADE
SA1,2023/03/03 02:50:00,1225.01,58.32,TRADE
SA1,2023/03/03 02:55:00,1236.83,33.84,TRADE
SA1,2023/03/03 03:00:00,1228.38,33.95,TRADE
SA1,2023/03/03 03:05:00,1230.61,54.37,TRADE
SA1,2023/03/03 03:10:00,1227.35,33.65,TRADE
SA1,2023/03/03 03:15:00,1202.54,33.08,TRADE
SA1,2023/03/03 03:20:00,1244.51,34.13,TRADE
SA1,2023/03/03 03:25:00,1236.1,34.44,TRADE
SA1,2023/03/03 03:30:00,1212.2,34.06,TRADE
SA1,2023/03/03 03:35:00,1219.94,34.14,TRADE
SA1,2023/03/03 03:40:00,1200.25,34.06,TRADE
SA1,2023/03/03 03:45:00,1217.13,30.61,TRADE
SA1,2023/03/03 03:50:00,1216.53,33.86,TRADE
SA1,2023/03/03 03:55:00,1214.85,33.76,TRADE
SA1,2023/03/03 04:00:00,1204.24,50.54,TRADE
SA1,2023/03/03 04:05:00,1207.68,47.36,TRADE
SA1,2023/03/03 04:10:00,1213.69,66.02,TRADE
SA1,2023/03/03 04:15:00,1204.05,53.36,TRADE
SA1,2023/03/03 04:20:00,1224.26,61.02,TRADE
SA1,2023/03/03 04:25:00,1240.89,57.99,TRADE
SA1,2023/03/03 04:30:00,1236.9,64.60,TRADE
SA1,2023/03/03 04:35:00,1211.92,44.85,TRADE
SA1,2023/03/03 04:40:00,1243.44,61.07,TRADE
SA1,2023/03/03 04:45:00,1223.44,55.93,TRADE
SA1,2023/03/03 04:50:00,1258.44,61.11,TRADE
SA1,2023/03/03 04:55:00,1258.7,58.53,TRADE
SA1,2023/03/03 05:00:00,1263.24,86.91,TRADE
SA1,2023/03/03 05:05:00,1262.6,84.78,TRADE
SA1,2023/03/03 05:10:00,1275.66,85.56,TRADE
SA1,2023/03/03 05:15:00,1262.26,86.12,TRADE
SA1,2023/03/03 05:20:00,1264.51,86.81,TRADE
SA1,2023/03/03 05:25:00,1293.29,87.99,TRADE
SA1,2023/03/03 05:30:00,1295.24,88.30,TRADE
SA1,2023/03/03 05:35:00,1326.62,90.24,TRADE
SA1,2023/03/03 05:40:00,1339.99,90.63,TRADE
SA1,2023/03/03 05:45:00,1330.97,90.56,TRADE
SA1,2023/03/03 05:50:00,1353.9,94.42,TRADE
SA1,2023/03/03 05:55:00,1360.57,96.07,TRADE
SA1,2023/03/03 06:00:00,1369.74,115.52,TRADE
SA1,2023/03/03 06:05:00,1393.92,116.32,TRADE
SA1,2023/03/03 06:10:00,1413.78,139.27,TRADE
SA1,2023/03/03 06:15:00,1418.61,139.05,TRADE
SA1,2023/03/03 06:20:00,1425.3,120.59,TRADE
SA1,2023/03/03 06:25:00,1452.94,86.74,TRADE
SA1,2023/03/03 06:30:00,1455.73,86.18,TRADE
SA1,2023/03/03 06:35:00,1486.59,91.75,TRADE
SA1,2023/03/03 06:40:00,1487.28,105.30,TRADE
SA1,2023/03/03 06:45:00,1489.48,83.39,TRADE
SA1,2023/03/03 06:50:00,1510.46,87.13,TRADE
SA1,2023/03/03 06:55:00,1536.77,87.15,TRADE
SA1,2023/03/03 07:00:00,1528.49,86.84,TRADE
SA1,2023/03/03 07:05:00,1518.84,68.53,TRADE
SA1,2023/03/03 07:10:00,1504.21,69.49,TRADE
SA1,2023/03/03 07:15:00,1486.41,67.42,TRADE
SA1,2023/03/03 07:20:00,1489.36,67.39,TRADE
SA1,2023/03/03 07:25:00,1457.42,47.92,TRADE
SA1,2023/03/03 07:30:00,1414.9,-32.53,TRADE
SA1,2023/03/03 07:35:00,1387.24,-4.89,TRADE
SA1,2023/03/03 07:40:00,1389.43,6.80,TRADE
SA1,2023/03/03 07:45:00,1351.66,-2.35,TRADE
SA1,2023/03/03 07:50:00,1350.91,-4.38,TRADE
SA1,2023/03/03 07:55:00,1311.46,-2.77,TRADE
SA1,2023/03/03 08:00:00,1296.76,-18.93,TRADE
SA1,2023/03/03 08:05:00,1287.06,-41.90,TRADE
SA1,2023/03/03 08:10:00,1280.46,-42.01,TRADE
SA1,2023/03/03 08:15:00,1262.14,-33.25,TRADE
SA1,2023/03/03 08:20:00,1217.57,-33.91,TRADE
SA1,2023/03/03 08:25:00,1143.95,-46.23,TRADE
SA1,2023/03/03 08:30:00,1164.34,-40.36,TRADE
SA1,2023/03/03 08:35:00,1135.44,-34.79,TRADE
SA1,2023/03/03 08:40:00,1110.03,-42.01,TRADE
SA1,2023/03/03 08:45:00,1112.86,-38.78,TRADE
SA1,2023/03/03 08:50:00,1099,-42.01,TRADE
SA1,2023/03/03 08:55:00,1075.72,-42.01,TRADE
SA1,2023/03/03 09:00:00,1061.72,-44.04,TRADE
SA1,2023/03/03 09:05:00,1028.85,-43.79,TRADE
SA1,2023/03/03 09:10:00,1026.87,-45.90,TRADE
SA1,2023/03/03 09:15:00,987.8,-42.46,TRADE
SA1,2023/03/03 09:20:00,973.31,-43.04,TRADE
SA1,2023/03/03 09:25:00,993.1,-45.59,TRADE
SA1,2023/03/03 09:30:00,957.95,-46.70,TRADE
SA1,2023/03/03 09:35:00,915.89,-44.08,TRADE
SA1,2023/03/03 09:40:00,901.08,-43.50,TRADE
SA1,2023/03/03 09:45:00,865.43,-46.90,TRADE
SA1,2023/03/03 09:50:00,843.76,-46.90,TRADE
SA1,2023/03/03 09:55:00,834.91,-44.37,TRADE
SA1,2023/03/03 10:00:00,810.04,-45.90,TRADE
SA1,2023/03/03 10:05:00,789.35,-46.90,TRADE
SA1,2023/03/03 10:10:00,777.29,-44.11,TRADE
SA1,2023/03/03 10:15:00,759.17,-44.28,TRADE
SA1,2023/03/03 10:20:00,728.42,-45.15,TRADE
SA1,2023/03/03 10:25:00,697.63,-45.90,TRADE
SA1,2023/03/03 10:30:00,690.58,-46.90,TRADE
SA1,2023/03/03 10:35:00,658.2,-53.08,TRADE
SA1,2023/03/03 10:40:00,644.5,-53.10,TRADE
SA1,2023/03/03 10:45:00,639.65,-48.95,TRADE
SA1,2023/03/03 10:50:00,644.47,-49.23,TRADE
SA1,2023/03/03 10:55:00,627.14,-53.72,TRADE
SA1,2023/03/03 11:00:00,612.92,-53.93,TRADE
SA1,2023/03/03 11:05:00,593.19,-53.73,TRADE
SA1,2023/03/03 11:10:00,579.69,-53.95,TRADE
SA1,2023/03/03 11:15:00,548.98,-54.87,TRADE
SA1,2023/03/03 11:20:00,562.64,-55.51,TRADE
SA1,2023/03/03 11:25:00,570.85,-56.13,TRADE
SA1,2023/03/03 11:30:00,535.38,-56.13,TRADE
SA1,2023/03/03 11:35:00,525.1,-56.13,TRADE
SA1,2023/03/03 11:40:00,516.33,-55.52,TRADE
SA1,2023/03/03 11:45:00,483.82,-55.22,TRADE
SA1,2023/03/03 11:50:00,501.2,-55.83,TRADE
SA1,2023/03/03 11:55:00,472.83,-55.83,TRADE
SA1,2023/03/03 12:00:00,472.82,-56.14,TRADE
SA1,2023/03/03 12:05:00,460.78,-55.86,TRADE
SA1,2023/03/03 12:10:00,463.61,-56.17,TRADE
SA1,2023/03/03 12:15:00,436.68,-55.86,TRADE
SA1,2023/03/03 12:20:00,434.68,-55.86,TRADE
SA1,2023/03/03 12:25:00,424.88,-55.55,TRADE
SA1,2023/03/03 12:30:00,435.83,-56.18,TRADE
SA1,2023/03/03 12:35:00,417.09,-55.56,TRADE
SA1,2023/03/03 12:40:00,424.86,-55.87,TRADE
SA1,2023/03/03 12:45:00,399.65,-55.26,TRADE
SA1,2023/03/03 12:50:00,407.92,-55.57,TRADE
SA1,2023/03/03 12:55:00,403.42,-55.58,TRADE
SA1,2023/03/03 13:00:00,394.08,-55.26,TRADE
SA1,2023/03/03 13:05:00,400.91,-55.56,TRADE
SA1,2023/03/03 13:10:00,401.93,-55.86,TRADE
SA1,2023/03/03 13:15:00,381.34,-55.26,TRADE
SA1,2023/03/03 13:20:00,401.16,-55.87,TRADE
SA1,2023/03/03 13:25:00,404.26,-55.88,TRADE
SA1,2023/03/03 13:30:00,400.89,-54.02,TRADE
SA1,2023/03/03 13:35:00,399.88,-53.54,TRADE
SA1,2023/03/03 13:40:00,411.16,-53.83,TRADE
SA1,2023/03/03 13:45:00,403.88,-49.90,TRADE
SA1,2023/03/03 13:50:00,421.59,-54.11,TRADE
SA1,2023/03/03 13:55:00,429.62,-54.42,TRADE
SA1,2023/03/03 14:00:00,401.82,-53.82,TRADE
SA1,2023/03/03 14:05:00,408.14,-46.90,TRADE
SA1,2023/03/03 14:10:00,427.72,-44.68,TRADE
SA1,2023/03/03 14:15:00,422.87,-45.30,TRADE
SA1,2023/03/03 14:20:00,424.44,-45.60,TRADE
SA1,2023/03/03 14:25:00,444.71,-40.32,TRADE
SA1,2023/03/03 14:30:00,437.69,-35.97,TRADE
SA1,2023/03/03 14:35:00,432.14,-45.90,TRADE
SA1,2023/03/03 14:40:00,442.76,-35.99,TRADE
SA1,2023/03/03 14:45:00,426.06,-39.62,TRADE
SA1,2023/03/03 14:50:00,472.23,-32.90,TRADE
SA1,2023/03/03 14:55:00,475.06,-40.06,TRADE
SA1,2023/03/03 15:00:00,514.69,-35.99,TRADE
SA1,2023/03/03 15:05:00,472.63,-38.03,TRADE
SA1,2023/03/03 15:10:00,530.42,-11.94,TRADE
SA1,2023/03/03 15:15:00,504.54,-43.65,TRADE
SA1,2023/03/03 15:20:00,551.78,-38.21,TRADE
SA1,2023/03/03 15:25:00,545.08,-32.86,TRADE
SA1,2023/03/03 15:30:00,535.59,-42.31,TRADE
SA1,2023/03/03 15:35:00,560.31,-11.97,TRADE
SA1,2023/03/03 15:40:00,595.82,-0.67,TRADE
SA1,2023/03/03 15:45:00,589.13,-10.41,TRADE
SA1,2023/03/03 15:50:00,597.34,5.29,TRADE
SA1,2023/03/03 15:55:00,607.32,-20.68,TRADE
SA1,2023/03/03 16:00:00,634.03,1.57,TRADE
SA1,2023/03/03 16:05:00,664.91,-0.90,TRADE
SA1,2023/03/03 16:10:00,667.4,-2.44,TRADE
SA1,2023/03/03 16:15:00,712.33,-19.23,TRADE
SA1,2023/03/03 16:20:00,748.4,0.02,TRADE
SA1,2023/03/03 16:25:00,766.97,1.13,TRADE
SA1,2023/03/03 16:30:00,772.53,2.57,TRADE
SA1,2023/03/03 16:35:00,790.8,-2.33,TRADE
SA1,2023/03/03 16:40:00,818.59,-0.45,TRADE
SA1,2023/03/03 16:45:00,828.61,7.83,TRADE
SA1,2023/03/03 16:50:00,866.51,7.98,TRADE
SA1,2023/03/03 16:55:00,926.84,8.07,TRADE
SA1,2023/03/03 17:00:00,957.66,3.58,TRADE
SA1,2023/03/03 17:05:00,984.4,15.67,TRADE
SA1,2023/03/03 17:10:00,1011.48,8.15,TRADE
SA1,2023/03/03 17:15:00,1048.02,7,TRADE
SA1,2023/03/03 17:20:00,1061.78,14.30,TRADE
SA1,2023/03/03 17:25:00,1098.59,15.95,TRADE
SA1,2023/03/03 17:30:00,1118.09,26.29,TRADE
SA1,2023/03/03 17:35:00,1135.71,28.94,TRADE
SA1,2023/03/03 17:40:00,1182.12,99.98,TRADE
SA1,2023/03/03 17:45:00,1213.41,99.98,TRADE
SA1,2023/03/03 17:50:00,1276.99,101.96,TRADE
SA1,2023/03/03 17:55:00,1374.86,107.78,TRADE
SA1,2023/03/03 18:00:00,1381.59,119.84,TRADE
SA1,2023/03/03 18:05:00,1384.1,117.83,TRADE
SA1,2023/03/03 18:10:00,1334.89,99.98,TRADE
SA1,2023/03/03 18:15:00,1335.98,104.68,TRADE
SA1,2023/03/03 18:20:00,1348.55,99.98,TRADE
SA1,2023/03/03 18:25:00,1362.19,99.98,TRADE
SA1,2023/03/03 18:30:00,1408.28,103.86,TRADE
SA1,2023/03/03 18:35:00,1438.77,105.70,TRADE
SA1,2023/03/03 18:40:00,1440.28,117.82,TRADE
SA1,2023/03/03 18:45:00,1454.84,119.80,TRADE
SA1,2023/03/03 18:50:00,1473.94,120.46,TRADE
SA1,2023/03/03 18:55:00,1491.81,112.25,TRADE
SA1,2023/03/03 19:00:00,1519.81,99.98,TRADE
SA1,2023/03/03 19:05:00,1491.21,100.70,TRADE
SA1,2023/03/03 19:10:00,1511.13,109.28,TRADE
SA1,2023/03/03 19:15:00,1520.13,111.47,TRADE
SA1,2023/03/03 19:20:00,1530.8,99.98,TRADE
SA1,2023/03/03 19:25:00,1520.03,106,TRADE
SA1,2023/03/03 19:30:00,1533.34,103.82,TRADE
SA1,2023/03/03 19:35:00,1545.22,109.17,TRADE
SA1,2023/03/03 19:40:00,1546.95,120.24,TRADE
SA1,2023/03/03 19:45:00,1538.92,107.11,TRADE
SA1,2023/03/03 19:50:00,1543.09,99.98,TRADE
SA1,2023/03/03 19:55:00,1538.89,103.08,TRADE
SA1,2023/03/03 20:00:00,1522.66,90.56,TRADE
SA1,2023/03/03 20:05:00,1523.02,98.44,TRADE
SA1,2023/03/03 20:10:00,1521.73,90.60,TRADE
SA1,2023/03/03 20:15:00,1507.46,87.59,TRADE
SA1,2023/03/03 20:20:00,1491.44,88.80,TRADE
SA1,2023/03/03 20:25:00,1489.98,88.37,TRADE
SA1,2023/03/03 20:30:00,1484.96,86.26,TRADE
SA1,2023/03/03 20:35:00,1476.33,90.62,TRADE
SA1,2023/03/03 20:40:00,1477.39,90.65,TRADE
SA1,2023/03/03 20:45:00,1481.49,88.85,TRADE
SA1,2023/03/03 20:50:00,1474.34,80.25,TRADE
SA1,2023/03/03 20:55:00,1470.58,79.83,TRADE
SA1,2023/03/03 21:00:00,1441.35,79.10,TRADE
SA1,2023/03/03 21:05:00,1428.33,88.29,TRADE
SA1,2023/03/03 21:10:00,1423.32,89.91,TRADE
SA1,2023/03/03 21:15:00,1432.56,92.94,TRADE
SA1,2023/03/03 21:20:00,1421.66,91.18,TRADE
SA1,2023/03/03 21:25:00,1412.4,90.40,TRADE
SA1,2023/03/03 21:30:00,1403.07,91.86,TRADE
SA1,2023/03/03 21:35:00,1390.2,90.96,TRADE
SA1,2023/03/03 21:40:00,1387.6,85.62,TRADE
SA1,2023/03/03 21:45:00,1389.6,81.45,TRADE
SA1,2023/03/03 21:50:00,1405.87,82.03,TRADE
SA1,2023/03/03 21:55:00,1396.68,83.03,TRADE
SA1,2023/03/03 22:00:00,1396.26,80.70,TRADE
SA1,2023/03/03 22:05:00,1372.87,91.11,TRADE
SA1,2023/03/03 22:10:00,1355.42,90.67,TRADE
SA1,2023/03/03 22:15:00,1334.09,91.25,TRADE
SA1,2023/03/03 22:20:00,1321.69,86.95,TRADE
SA1,2023/03/03 22:25:00,1354.62,89.82,TRADE
SA1,2023/03/03 22:30:00,1332.25,89.90,TRADE
SA1,2023/03/03 22:35:00,1335.79,91.93,TRADE
SA1,2023/03/03 22:40:00,1330.53,81.68,TRADE
SA1,2023/03/03 22:45:00,1323.95,90.97,TRADE
SA1,2023/03/03 22:50:00,1322.48,90.98,TRADE
SA1,2023/03/03 22:55:00,1313.97,84.29,TRADE
SA1,2023/03/03 23:00:00,1311.75,81.56,TRADE
SA1,2023/03/03 23:05:00,1316.77,91.78,TRADE
SA1,2023/03/03 23:10:00,1314.38,100.74,TRADE
SA1,2023/03/03 23:15:00,1310.99,104.76,TRADE
SA1,2023/03/03 23:20:00,1302.25,98.44,TRADE
SA1,2023/03/03 23:25:00,1301.51,99.09,TRADE
SA1,2023/03/03 23:30:00,1308.74,99.89,TRADE
SA1,2023/03/03 23:35:00,1403.22,109.15,TRADE
SA1,2023/03/03 23:40:00,1399.85,98.44,TRADE
SA1,2023/03/03 23:45:00,1382.21,94.31,TRADE
SA1,2023/03/03 23:50:00,1408.09,102.43,TRADE
SA1,2023/03/03 23:55:00,1396.8,97.58,TRADE
SA1,2023/03/04 00:00:00,1371.52,85.92,TRADE
SA1,2023/03/04 00:05:00,1367.55,107.60,TRADE
SA1,2023/03/04 00:10:00,1361.39,108.34,TRADE
SA1,2023/03/04 00:15:00,1367.97,109.07,TRADE
SA1,2023/03/04 00:20:00,1365.5,111.08,TRADE
SA1,2023/03/04 00:25:00,1378.82,114.21,TRADE
SA1,2023/03/04 00:30:00,1385.89,107.65,TRADE
SA1,2023/03/04 00:35:00,1384.83,100.82,TRADE
SA1,2023/03/04 00:40:00,1375.65,110.42,TRADE
SA1,2023/03/04 00:45:00,1365.33,109.36,TRADE
SA1,2023/03/04 00:50:00,1346.81,108.42,TRADE
SA1,2023/03/04 00:55:00,1357.04,109.62,TRADE
SA1,2023/03/04 01:00:00,1332.43,108.26,TRADE
SA1,2023/03/04 01:05:00,1318.02,123.24,TRADE
SA1,2023/03/04 01:10:00,1325.1,122.37,TRADE
SA1,2023/03/04 01:15:00,1307.87,120.44,TRADE
SA1,2023/03/04 01:20:00,1297.17,106.66,TRADE
SA1,2023/03/04 01:25:00,1304.76,104.88,TRADE
SA1,2023/03/04 01:30:00,1299.65,110.27,TRADE
SA1,2023/03/04 01:35:00,1269.71,105.34,TRADE
SA1,2023/03/04 01:40:00,1282.82,103.60,TRADE
SA1,2023/03/04 01:45:00,1267.73,120.44,TRADE
SA1,2023/03/04 01:50:00,1263.45,107.40,TRADE
SA1,2023/03/04 01:55:00,1254.92,108.11,TRADE
SA1,2023/03/04 02:00:00,1256.28,111.23,TRADE
SA1,2023/03/04 02:05:00,1239.29,112.52,TRADE
SA1,2023/03/04 02:10:00,1219.88,120.44,TRADE
SA1,2023/03/04 02:15:00,1223.55,102.90,TRADE
SA1,2023/03/04 02:20:00,1203.71,103.62,TRADE
SA1,2023/03/04 02:25:00,1221.3,104.26,TRADE
SA1,2023/03/04 02:30:00,1210.02,103.66,TRADE
SA1,2023/03/04 02:35:00,1211.22,104.19,TRADE
SA1,2023/03/04 02:40:00,1203.49,101.34,TRADE
SA1,2023/03/04 02:45:00,1191.23,101.69,TRADE
SA1,2023/03/04 02:50:00,1191.52,103.56,TRADE
SA1,2023/03/04 02:55:00,1179.62,102.07,TRADE
SA1,2023/03/04 03:00:00,1202.35,102.13,TRADE
SA1,2023/03/04 03:05:00,1188.13,100.62,TRADE
SA1,2023/03/04 03:10:00,1188.79,103.53,TRADE
SA1,2023/03/04 03:15:00,1189.73,102.55,TRADE
SA1,2023/03/04 03:20:00,1186.03,117.59,TRADE
SA1,2023/03/04 03:25:00,1181.41,120.44,TRADE
SA1,2023/03/04 03:30:00,1177.48,104.54,TRADE
SA1,2023/03/04 03:35:00,1189.86,106.63,TRADE
SA1,2023/03/04 03:40:00,1176.45,106.57,TRADE
SA1,2023/03/04 03:45:00,1177.08,120.44,TRADE
SA1,2023/03/04 03:50:00,1157.17,109.17,TRADE
SA1,2023/03/04 03:55:00,1157.76,105.01,TRADE
SA1,2023/03/04 04:00:00,1155.56,120.44,TRADE
SA1,2023/03/04 04:05:00,1164.24,85.72,TRADE
SA1,2023/03/04 04:10:00,1175.18,105.05,TRADE
SA1,2023/03/04 04:15:00,1189.49,120.44,TRADE
SA1,2023/03/04 04:20:00,1166.21,141.08,TRADE
SA1,2023/03/04 04:25:00,1166.27,143.07,TRADE
SA1,2023/03/04 04:30:00,1169.27,143.10,TRADE
SA1,2023/03/04 04:35:00,1170.23,120.44,TRADE
SA1,2023/03/04 04:40:00,1163.61,119.48,TRADE
SA1,2023/03/04 04:45:00,1172.34,119.56,TRADE
SA1,2023/03/04 04:50:00,1190.3,120.44,TRADE
SA1,2023/03/04 04:55:00,1176.62,102.60,TRADE
SA1,2023/03/04 05:00:00,1166.29,120.44,TRADE
SA1,2023/03/04 05:05:00,1166.9,120.44,TRADE
SA1,2023/03/04 05:10:00,1170.76,134.83,TRADE
SA1,2023/03/04 05:15:00,1186.61,120.44,TRADE
SA1,2023/03/04 05:20:00,1195.53,120.90,TRADE
SA1,2023/03/04 05:25:00,1183.63,120.44,TRADE
SA1,2023/03/04 05:30:00,1193.8,121.24,TRADE
SA1,2023/03/04 05:35:00,1202.21,104.75,TRADE
SA1,2023/03/04 05:40:00,1217.61,110.52,TRADE
SA1,2023/03/04 05:45:00,1213.17,120.44,TRADE
SA1,2023/03/04 05:50:00,1224.1,138.67,TRADE
SA1,2023/03/04 05:55:00,1239.24,99.98,TRADE
SA1,2023/03/04 06:00:00,1241.81,99.98,TRADE
SA1,2023/03/04 06:05:00,1243.01,120.28,TRADE
SA1,2023/03/04 06:10:00,1275,120.44,TRADE
SA1,2023/03/04 06:15:00,1255.68,118.33,TRADE
SA1,2023/03/04 06:20:00,1283.32,120.44,TRADE
SA1,2023/03/04 06:25:00,1278.09,99.98,TRADE
SA1,2023/03/04 06:30:00,1280.23,120.44,TRADE
SA1,2023/03/04 06:35:00,1261.87,100,TRADE
SA1,2023/03/04 06:40:00,1303.8,120.44,TRADE
SA1,2023/03/04 06:45:00,1290.37,138.47,TRADE
SA1,2023/03/04 06:50:00,1339.72,120.44,TRADE
SA1,2023/03/04 06:55:00,1277.46,91.45,TRADE
SA1,2023/03/04 07:00:00,1259.72,91,TRADE
SA1,2023/03/04 07:05:00,1279.44,99.98,TRADE
SA1,2023/03/04 07:10:00,1250.51,98.44,TRADE
SA1,2023/03/04 07:15:00,1223.63,89.67,TRADE
SA1,2023/03/04 07:20:00,1227.51,89.19,TRADE
SA1,2023/03/04 07:25:00,1214.19,89.04,TRADE
SA1,2023/03/04 07:30:00,1197.32,65.40,TRADE
SA1,2023/03/04 07:35:00,1154.51,70.48,TRADE
SA1,2023/03/04 07:40:00,1141.53,69.76,TRADE
SA1,2023/03/04 07:45:00,1139.93,69.87,TRADE
SA1,2023/03/04 07:50:00,1123.18,34.75,TRADE
SA1,2023/03/04 07:55:00,1096.76,66.13,TRADE
SA1,2023/03/04 08:00:00,1067.31,33.12,TRADE
SA1,2023/03/04 08:05:00,1047.98,20.66,TRADE
SA1,2023/03/04 08:10:00,1039.81,2.67,TRADE
SA1,2023/03/04 08:15:00,999.82,20.43,TRADE
SA1,2023/03/04 08:20:00,971.23,58.90,TRADE
SA1,2023/03/04 08:25:00,952.28,35.51,TRADE
SA1,2023/03/04 08:30:00,913.96,0.05,TRADE
SA1,2023/03/04 08:35:00,892.97,20.89,TRADE
SA1,2023/03/04 08:40:00,876.14,20.66,TRADE
SA1,2023/03/04 08:45:00,856.52,70.12,TRADE
SA1,2023/03/04 08:50:00,829.2,20.66,TRADE
SA1,2023/03/04 08:55:00,806.38,39.32,TRADE
SA1,2023/03/04 09:00:00,787.62,9.17,TRADE
SA1,2023/03/04 09:05:00,775.63,19.49,TRADE
SA1,2023/03/04 09:10:00,738.92,-21.71,TRADE
SA1,2023/03/04 09:15:00,713.09,-37.99,TRADE
SA1,2023/03/04 09:20:00,722.98,-46.90,TRADE
SA1,2023/03/04 09:25:00,721.25,-19.56,TRADE
SA1,2023/03/04 09:30:00,665.53,-33.07,TRADE
SA1,2023/03/04 09:35:00,624.58,5.08,TRADE
SA1,2023/03/04 09:40:00,601.18,-42.54,TRADE
SA1,2023/03/04 09:45:00,621.39,-41.17,TRADE
SA1,2023/03/04 09:50:00,636.78,-43.27,TRADE
SA1,2023/03/04 09:55:00,616.11,-42.10,TRADE
SA1,2023/03/04 10:00:00,599.28,-47.97,TRADE
SA1,2023/03/04 10:05:00,578.43,-48.93,TRADE
SA1,2023/03/04 10:10:00,585.63,-46.90,TRADE
SA1,2023/03/04 10:15:00,544.09,-47.61,TRADE
SA1,2023/03/04 10:20:00,539.83,-46.90,TRADE
SA1,2023/03/04 10:25:00,532.81,-46.56,TRADE
SA1,2023/03/04 10:30:00,525.69,-50.42,TRADE
SA1,2023/03/04 10:35:00,502.93,-53.48,TRADE
SA1,2023/03/04 10:40:00,504.49,-53.19,TRADE
SA1,2023/03/04 10:45:00,516.41,-52.89,TRADE
SA1,2023/03/04 10:50:00,485.15,-53.06,TRADE
SA1,2023/03/04 10:55:00,451.85,-52.47,TRADE
SA1,2023/03/04 11:00:00,455.79,-52.46,TRADE
SA1,2023/03/04 11:05:00,431.97,-51.10,TRADE
SA1,2023/03/04 11:10:00,403.97,-42.42,TRADE
SA1,2023/03/04 11:15:00,401.31,-47.66,TRADE
SA1,2023/03/04 11:20:00,422.02,-46.80,TRADE
SA1,2023/03/04 11:25:00,396.74,-46.90,TRADE
SA1,2023/03/04 11:30:00,376,-88,TRADE
SA1,2023/03/04 11:35:00,397.26,-46.90,TRADE
SA1,2023/03/04 11:40:00,359.27,-55,TRADE
SA1,2023/03/04 11:45:00,350.1,-88,TRADE
SA1,2023/03/04 11:50:00,373.14,-55,TRADE
SA1,2023/03/04 11:55:00,362.92,-88,TRADE
SA1,2023/03/04 12:00:00,374.69,-50,TRADE
SA1,2023/03/04 12:05:00,357.46,-46.90,TRADE
SA1,2023/03/04 12:10:00,356.06,-65,TRADE
SA1,2023/03/04 12:15:00,334.61,-50,TRADE
SA1,2023/03/04 12:20:00,339.56,-46.90,TRADE
SA1,2023/03/04 12:25:00,345.06,-70,TRADE
SA1,2023/03/04 12:30:00,348.68,-50,TRADE
SA1,2023/03/04 12:35:00,340.53,-99.99,TRADE
SA1,2023/03/04 12:40:00,351.16,-55,TRADE
SA1,2023/03/04 12:45:00,363.01,-55,TRADE
SA1,2023/03/04 12:50:00,332.18,-89.50,TRADE
SA1,2023/03/04 12:55:00,318.25,-88,TRADE
SA1,2023/03/04 13:00:00,337.43,-55,TRADE
SA1,2023/03/04 13:05:00,326.46,-88,TRADE
SA1,2023/03/04 13:10:00,329.29,-89.50,TRADE
SA1,2023/03/04 13:15:00,353.47,-99.99,TRADE
SA1,2023/03/04 13:20:00,334.66,-55,TRADE
SA1,2023/03/04 13:25:00,339.2,-46.90,TRADE
SA1,2023/03/04 13:30:00,348.09,-46.90,TRADE
SA1,2023/03/04 13:35:00,355.86,-50,TRADE
SA1,2023/03/04 13:40:00,341.64,-55,TRADE
SA1,2023/03/04 13:45:00,332.87,-46.90,TRADE
SA1,2023/03/04 13:50:00,356.89,-99.99,TRADE
SA1,2023/03/04 13:55:00,379.29,-55,TRADE
SA1,2023/03/04 14:00:00,382.58,-46.90,TRADE
SA1,2023/03/04 14:05:00,395.07,-65,TRADE
SA1,2023/03/04 14:10:00,400.29,-55,TRADE
SA1,2023/03/04 14:15:00,399.64,-55,TRADE
SA1,2023/03/04 14:20:00,425.65,-50,TRADE
SA1,2023/03/04 14:25:00,438.93,-53,TRADE
SA1,2023/03/04 14:30:00,430.04,-70,TRADE
SA1,2023/03/04 14:35:00,431.41,-55,TRADE
SA1,2023/03/04 14:40:00,433.92,-52,TRADE
SA1,2023/03/04 14:45:00,463.11,-46.90,TRADE
SA1,2023/03/04 14:50:00,480.87,-52,TRADE
SA1,2023/03/04 14:55:00,484.02,-46.90,TRADE
SA1,2023/03/04 15:00:00,508.58,-46.90,TRADE
SA1,2023/03/04 15:05:00,527.35,-42.01,TRADE
SA1,2023/03/04 15:10:00,567.2,-46.90,TRADE
SA1,2023/03/04 15:15:00,564.86,-46.90,TRADE
SA1,2023/03/04 15:20:00,590.68,-46.80,TRADE
SA1,2023/03/04 15:25:00,592.23,-46.80,TRADE
SA1,2023/03/04 15:30:00,606.85,-46.80,TRADE
SA1,2023/03/04 15:35:00,632.52,-46.24,TRADE
SA1,2023/03/04 15:40:00,660.82,-42.01,TRADE
SA1,2023/03/04 15:45:00,656.23,-46,TRADE
SA1,2023/03/04 15:50:00,661.06,20.66,TRADE
SA1,2023/03/04 15:55:00,657.5,20.66,TRADE
SA1,2023/03/04 16:00:00,677.5,99.82,TRADE
SA1,2023/03/04 16:05:00,693.4,-46.24,TRADE
SA1,2023/03/04 16:10:00,735.46,0,TRADE
SA1,2023/03/04 16:15:00,749.52,-46,TRADE
SA1,2023/03/04 16:20:00,816.77,0,TRADE
SA1,2023/03/04 16:25:00,803.22,83.51,TRADE
SA1,2023/03/04 16:30:00,824.24,108.50,TRADE
SA1,2023/03/04 16:35:00,840.92,67.58,TRADE
SA1,2023/03/04 16:40:00,885.56,92.61,TRADE
SA1,2023/03/04 16:45:00,907.42,100.65,TRADE
SA1,2023/03/04 16:50:00,931.34,82.46,TRADE
SA1,2023/03/04 16:55:00,965,112.19,TRADE
SA1,2023/03/04 17:00:00,964.86,111.04,TRADE
SA1,2023/03/04 17:05:00,982.6,68.37,TRADE
SA1,2023/03/04 17:10:00,1031.19,75.66,TRADE
SA1,2023/03/04 17:15:00,1064.11,91.63,TRADE
SA1,2023/03/04 17:20:00,1113.97,126.56,TRADE
SA1,2023/03/04 17:25:00,1132.72,92.34,TRADE
SA1,2023/03/04 17:30:00,1160.81,111.65,TRADE
SA1,2023/03/04 17:35:00,1156.8,75.44,TRADE
SA1,2023/03/04 17:40:00,1211.06,88.97,TRADE
SA1,2023/03/04 17:45:00,1237.81,90.35,TRADE
SA1,2023/03/04 17:50:00,1260.09,100.94,TRADE
SA1,2023/03/04 17:55:00,1274.29,127.18,TRADE
SA1,2023/03/04 18:00:00,1313.09,139.65,TRADE
SA1,2023/03/04 18:05:00,1314.96,110.30,TRADE
SA1,2023/03/04 18:10:00,1356.99,139.62,TRADE
SA1,2023/03/04 18:15:00,1405.35,141.28,TRADE
SA1,2023/03/04 18:20:00,1420.43,143.76,TRADE
SA1,2023/03/04 18:25:00,1442.25,163.70,TRADE
SA1,2023/03/04 18:30:00,1457.02,166.11,TRADE
SA1,2023/03/04 18:35:00,1477.32,148.40,TRADE
SA1,2023/03/04 18:40:00,1490.57,150.52,TRADE
SA1,2023/03/04 18:45:00,1498.8,153.45,TRADE
SA1,2023/03/04 18:50:00,1506.26,173.14,TRADE
SA1,2023/03/04 18:55:00,1510.34,157.32,TRADE
SA1,2023/03/04 19:00:00,1529.74,157.37,TRADE
SA1,2023/03/04 19:05:00,1528.99,174.09,TRADE
SA1,2023/03/04 19:10:00,1535.53,159.11,TRADE
SA1,2023/03/04 19:15:00,1544.3,143.52,TRADE
SA1,2023/03/04 19:20:00,1544.29,126.38,TRADE
SA1,2023/03/04 19:25:00,1530.89,99.98,TRADE
SA1,2023/03/04 19:30:00,1524.47,99.99,TRADE
SA1,2023/03/04 19:35:00,1515.8,102.11,TRADE
SA1,2023/03/04 19:40:00,1533.71,99.99,TRADE
SA1,2023/03/04 19:45:00,1525.13,99.98,TRADE
SA1,2023/03/04 19:50:00,1500.46,99.98,TRADE
SA1,2023/03/04 19:55:00,1524.96,99.98,TRADE
SA1,2023/03/04 20:00:00,1499.3,98.44,TRADE
SA1,2023/03/04 20:05:00,1497.59,99.99,TRADE
SA1,2023/03/04 20:10:00,1498.81,99.99,TRADE
SA1,2023/03/04 20:15:00,1513.56,99.98,TRADE
SA1,2023/03/04 20:20:00,1486.2,99.98,TRADE
SA1,2023/03/04 20:25:00,1495.69,99.25,TRADE
SA1,2023/03/04 20:30:00,1467.94,94.73,TRADE
SA1,2023/03/04 20:35:00,1456.36,99.99,TRADE
SA1,2023/03/04 20:40:00,1465.46,109.57,TRADE
SA1,2023/03/04 20:45:00,1479.29,100.11,TRADE
SA1,2023/03/04 20:50:00,1455.2,99.98,TRADE
SA1,2023/03/04 20:55:00,1456.94,99.98,TRADE
SA1,2023/03/04 21:00:00,1436.74,99.99,TRADE
SA1,2023/03/04 21:05:00,1437.03,100.16,TRADE
SA1,2023/03/04 21:10:00,1433.29,106.99,TRADE
SA1,2023/03/04 21:15:00,1412.53,105.83,TRADE
SA1,2023/03/04 21:20:00,1406.45,103.74,TRADE
SA1,2023/03/04 21:25:00,1422.65,113.06,TRADE
SA1,2023/03/04 21:30:00,1398.06,109.58,TRADE
SA1,2023/03/04 21:35:00,1398.2,111.98,TRADE
SA1,2023/03/04 21:40:00,1386.36,115.31,TRADE
SA1,2023/03/04 21:45:00,1373.83,115.82,TRADE
SA1,2023/03/04 21:50:00,1377.34,119.78,TRADE
SA1,2023/03/04 21:55:00,1369.31,120.80,TRADE
SA1,2023/03/04 22:00:00,1361.29,122.39,TRADE
SA1,2023/03/04 22:05:00,1350.8,131.66,TRADE
SA1,2023/03/04 22:10:00,1347.67,132.09,TRADE
SA1,2023/03/04 22:15:00,1348.67,134.57,TRADE
SA1,2023/03/04 22:20:00,1345.46,134.57,TRADE
SA1,2023/03/04 22:25:00,1347.89,119.55,TRADE
SA1,2023/03/04 22:30:00,1351.74,133.13,TRADE
SA1,2023/03/04 22:35:00,1341.53,122.86,TRADE
SA1,2023/03/04 22:40:00,1340.35,121.70,TRADE
SA1,2023/03/04 22:45:00,1341.28,132.87,TRADE
SA1,2023/03/04 22:50:00,1331.21,112.14,TRADE
SA1,2023/03/04 22:55:00,1349.2,124.05,TRADE
SA1,2023/03/04 23:00:00,1330.78,123.39,TRADE
SA1,2023/03/04 23:05:00,1334.59,124.60,TRADE
SA1,2023/03/04 23:10:00,1312.89,127.28,TRADE
SA1,2023/03/04 23:15:00,1323.27,126.45,TRADE
SA1,2023/03/04 23:20:00,1341.56,128.05,TRADE
SA1,2023/03/04 23:25:00,1317.56,129.04,TRADE
SA1,2023/03/04 23:30:00,1347.22,124.35,TRADE
SA1,2023/03/04 23:35:00,1427.86,164.21,TRADE
SA1,2023/03/04 23:40:00,1420.72,134.40,TRADE
SA1,2023/03/04 23:45:00,1426.02,134.94,TRADE
SA1,2023/03/04 23:50:00,1410.23,136.05,TRADE
SA1,2023/03/04 23:55:00,1392.93,95.97,TRADE
SA1,2023/03/05 00:00:00,1392.19,106.93,TRADE
SA1,2023/03/05 00:05:00,1397.51,133.52,TRADE
SA1,2023/03/05 00:10:00,1409.35,120.44,TRADE
SA1,2023/03/05 00:15:00,1395.7,111.62,TRADE
SA1,2023/03/05 00:20:00,1394.16,98.44,TRADE
SA1,2023/03/05 00:25:00,1396.88,107.57,TRADE
SA1,2023/03/05 00:30:00,1405.03,107.20,TRADE
SA1,2023/03/05 00:35:00,1413.99,147.31,TRADE
SA1,2023/03/05 00:40:00,1412.44,128.88,TRADE
SA1,2023/03/05 00:45:00,1397.77,123.24,TRADE
SA1,2023/03/05 00:50:00,1387.76,125.35,TRADE
SA1,2023/03/05 00:55:00,1365.56,107.49,TRADE
SA1,2023/03/05 01:00:00,1360.04,128.19,TRADE
SA1,2023/03/05 01:05:00,1351.89,132.84,TRADE
SA1,2023/03/05 01:10:00,1333.87,130.92,TRADE
SA1,2023/03/05 01:15:00,1327.95,132.04,TRADE
SA1,2023/03/05 01:20:00,1316.27,129.45,TRADE
SA1,2023/03/05 01:25:00,1311.43,126.59,TRADE
SA1,2023/03/05 01:30:00,1302.24,118.56,TRADE
SA1,2023/03/05 01:35:00,1294.01,126.30,TRADE
SA1,2023/03/05 01:40:00,1277.83,105.98,TRADE
SA1,2023/03/05 01:45:00,1308.53,106.22,TRADE
SA1,2023/03/05 01:50:00,1295.19,97.05,TRADE
SA1,2023/03/05 01:55:00,1314.2,97.56,TRADE
SA1,2023/03/05 02:00:00,1283.57,96.60,TRADE
SA1,2023/03/05 02:05:00,1280.69,143.18,TRADE
SA1,2023/03/05 02:10:00,1253.76,102.44,TRADE
SA1,2023/03/05 02:15:00,1248.43,112.28,TRADE
SA1,2023/03/05 02:20:00,1241.81,101.93,TRADE
SA1,2023/03/05 02:25:00,1246.31,100.27,TRADE
SA1,2023/03/05 02:30:00,1238.62,98.44,TRADE
SA1,2023/03/05 02:35:00,1234.17,98.44,TRADE
SA1,2023/03/05 02:40:00,1246.2,96.15,TRADE
SA1,2023/03/05 02:45:00,1222.51,97.78,TRADE
SA1,2023/03/05 02:50:00,1202.04,95.19,TRADE
SA1,2023/03/05 02:55:00,1197.53,96.94,TRADE
SA1,2023/03/05 03:00:00,1214.53,96.68,TRADE
SA1,2023/03/05 03:05:00,1205.87,95.86,TRADE
SA1,2023/03/05 03:10:00,1215.86,97.58,TRADE
SA1,2023/03/05 03:15:00,1194.42,96.09,TRADE
SA1,2023/03/05 03:20:00,1204.05,92,TRADE
SA1,2023/03/05 03:25:00,1180.4,96.88,TRADE
SA1,2023/03/05 03:30:00,1182.67,96.07,TRADE
SA1,2023/03/05 03:35:00,1170.64,96.34,TRADE
SA1,2023/03/05 03:40:00,1185.29,98.44,TRADE
SA1,2023/03/05 03:45:00,1180.96,92.49,TRADE
SA1,2023/03/05 03:50:00,1163.4,94.96,TRADE
SA1,2023/03/05 03:55:00,1182.2,98.44,TRADE
SA1,2023/03/05 04:00:00,1194.9,95.72,TRADE
SA1,2023/03/05 04:05:00,1174.73,92.82,TRADE
SA1,2023/03/05 04:10:00,1170.51,93.97,TRADE
SA1,2023/03/05 04:15:00,1168.6,91.12,TRADE
SA1,2023/03/05 04:20:00,1153.56,90.51,TRADE
SA1,2023/03/05 04:25:00,1171.89,92.20,TRADE
SA1,2023/03/05 04:30:00,1168.8,90.51,TRADE
SA1,2023/03/05 04:35:00,1184.04,92.15,TRADE
SA1,2023/03/05 04:40:00,1178.88,101.88,TRADE
SA1,2023/03/05 04:45:00,1171.31,91.42,TRADE
SA1,2023/03/05 04:50:00,1173.34,90.68,TRADE
SA1,2023/03/05 04:55:00,1159.49,89.59,TRADE
SA1,2023/03/05 05:00:00,1182.99,90.42,TRADE
SA1,2023/03/05 05:05:00,1172.96,90.43,TRADE
SA1,2023/03/05 05:10:00,1174.69,97.60,TRADE
SA1,2023/03/05 05:15:00,1169.21,89.26,TRADE
SA1,2023/03/05 05:20:00,1174.3,88.80,TRADE
SA1,2023/03/05 05:25:00,1162.48,87.61,TRADE
SA1,2023/03/05 05:30:00,1162.67,93.38,TRADE
SA1,2023/03/05 05:35:00,1176.64,87.60,TRADE
SA1,2023/03/05 05:40:00,1191.11,87.49,TRADE
SA1,2023/03/05 05:45:00,1191.2,86.58,TRADE
SA1,2023/03/05 05:50:00,1193.77,86.26,TRADE
SA1,2023/03/05 05:55:00,1194.44,86.12,TRADE
SA1,2023/03/05 06:00:00,1180.09,84.79,TRADE
SA1,2023/03/05 06:05:00,1192.06,83.46,TRADE
SA1,2023/03/05 06:10:00,1218.85,83.40,TRADE
SA1,2023/03/05 06:15:00,1211.95,83.54,TRADE
SA1,2023/03/05 06:20:00,1212.19,82.60,TRADE
SA1,2023/03/05 06:25:00,1230.91,84.35,TRADE
SA1,2023/03/05 06:30:00,1204.12,81.65,TRADE
SA1,2023/03/05 06:35:00,1203.71,75.16,TRADE
SA1,2023/03/05 06:40:00,1209.31,70.39,TRADE
SA1,2023/03/05 06:45:00,1210,48.62,TRADE
SA1,2023/03/05 06:50:00,1224,40.13,TRADE
SA1,2023/03/05 06:55:00,1234.36,40.34,TRADE
SA1,2023/03/05 07:00:00,1194.55,18.86,TRADE
SA1,2023/03/05 07:05:00,1205.64,9.11,TRADE
SA1,2023/03/05 07:10:00,1197.4,0,TRADE
SA1,2023/03/05 07:15:00,1163.18,0,TRADE
SA1,2023/03/05 07:20:00,1156.87,0.02,TRADE
SA1,2023/03/05 07:25:00,1168.05,0.63,TRADE
SA1,2023/03/05 07:30:00,1167.18,-4.37,TRADE
SA1,2023/03/05 07:35:00,1172.99,-10.31,TRADE
SA1,2023/03/05 07:40:00,1204.05,0,TRADE
SA1,2023/03/05 07:45:00,1218.96,-0.02,TRADE
SA1,2023/03/05 07:50:00,1186.84,-0.02,TRADE
SA1,2023/03/05 07:55:00,1204.23,0,TRADE
SA1,2023/03/05 08:00:00,1180.12,-5.54,TRADE
SA1,2023/03/05 08:05:00,1186.35,-0.02,TRADE
SA1,2023/03/05 08:10:00,1170.19,0.70,TRADE
SA1,2023/03/05 08:15:00,1172.81,0.02,TRADE
SA1,2023/03/05 08:20:00,1166.94,0,TRADE
SA1,2023/03/05 08:25:00,1163.19,0,TRADE
SA1,2023/03/05 08:30:00,1138.71,0,TRADE
SA1,2023/03/05 08:35:00,1110.48,-0.02,TRADE
SA1,2023/03/05 08:40:00,1064.26,-0.02,TRADE
SA1,2023/03/05 08:45:00,1007.44,-2.14,TRADE
SA1,2023/03/05 08:50:00,1025.94,-0.02,TRADE
SA1,2023/03/05 08:55:00,1083.79,0,TRADE
SA1,2023/03/05 09:00:00,1067.35,0.02,TRADE
SA1,2023/03/05 09:05:00,997.52,0.02,TRADE
SA1,2023/03/05 09:10:00,950.41,2.40,TRADE
SA1,2023/03/05 09:15:00,972.33,0.68,TRADE
SA1,2023/03/05 09:20:00,1021.98,0,TRADE
SA1,2023/03/05 09:25:00,1002.15,-2.13,TRADE
SA1,2023/03/05 09:30:00,937.6,-37.37,TRADE
SA1,2023/03/05 09:35:00,960.65,-20.51,TRADE
SA1,2023/03/05 09:40:00,1014.37,-37.25,TRADE
SA1,2023/03/05 09:45:00,1062.88,-36.08,TRADE
SA1,2023/03/05 09:50:00,1179.51,-19.10,TRADE
SA1,2023/03/05 09:55:00,1216.41,-34.08,TRADE
SA1,2023/03/05 10:00:00,1253.71,-19.58,TRADE
SA1,2023/03/05 10:05:00,1183.65,-36.06,TRADE
SA1,2023/03/05 10:10:00,1152.69,-36.25,TRADE
SA1,2023/03/05 10:15:00,1151.21,-35.85,TRADE
SA1,2023/03/05 10:20:00,1147.86,-37.02,TRADE
SA1,2023/03/05 10:25:00,1144.17,-36.63,TRADE
SA1,2023/03/05 10:30:00,1199.76,-37.62,TRADE
SA1,2023/03/05 10:35:00,1304.12,-37.67,TRADE
SA1,2023/03/05 10:40:00,1307.53,-37.48,TRADE
SA1,2023/03/05 10:45:00,1323.37,-38.90,TRADE
SA1,2023/03/05 10:50:00,1357.8,-38.90,TRADE
SA1,2023/03/05 10:55:00,1393.68,-35.85,TRADE
SA1,2023/03/05 11:00:00,1393.66,-18.41,TRADE
SA1,2023/03/05 11:05:00,1366.08,-28.87,TRADE
SA1,2023/03/05 11:10:00,1330.21,-39.31,TRADE
SA1,2023/03/05 11:15:00,1280.9,-38.69,TRADE
SA1,2023/03/05 11:20:00,1255.54,-39.31,TRADE
SA1,2023/03/05 11:25:00,1237.66,-38.69,TRADE
SA1,2023/03/05 11:30:00,1240.23,-37.45,TRADE
SA1,2023/03/05 11:35:00,1250.14,-39.34,TRADE
SA1,2023/03/05 11:40:00,1271.66,-21.36,TRADE
SA1,2023/03/05 11:45:00,1237.35,-35.73,TRADE
SA1,2023/03/05 11:50:00,1238.7,-42.76,TRADE
SA1,2023/03/05 11:55:00,1196.77,-38.86,TRADE
SA1,2023/03/05 12:00:00,1225.81,-21.38,TRADE
SA1,2023/03/05 12:05:00,1213.74,-21.03,TRADE
SA1,2023/03/05 12:10:00,1217.97,-10.06,TRADE
SA1,2023/03/05 12:15:00,1195.81,-2.14,TRADE
SA1,2023/03/05 12:20:00,1243.52,-0.02,TRADE
SA1,2023/03/05 12:25:00,1259.62,-0.02,TRADE
SA1,2023/03/05 12:30:00,1251.65,-9.61,TRADE
SA1,2023/03/05 12:35:00,1290.67,-2.08,TRADE
SA1,2023/03/05 12:40:00,1257.69,0.69,TRADE
SA1,2023/03/05 12:45:00,1205.76,10.19,TRADE
SA1,2023/03/05 12:50:00,1180.37,5.64,TRADE
SA1,2023/03/05 12:55:00,1136.84,-0.02,TRADE
SA1,2023/03/05 13:00:00,1132.77,8.03,TRADE
SA1,2023/03/05 13:05:00,1104.19,-0.02,TRADE
SA1,2023/03/05 13:10:00,1042.63,-0.02,TRADE
SA1,2023/03/05 13:15:00,1092.6,8.63,TRADE
SA1,2023/03/05 13:20:00,1173.48,15.76,TRADE
SA1,2023/03/05 13:25:00,1177.75,15.85,TRADE
SA1,2023/03/05 13:30:00,1212.14,37.74,TRADE
SA1,2023/03/05 13:35:00,1251.44,32.97,TRADE
SA1,2023/03/05 13:40:00,1274.68,52.68,TRADE
SA1,2023/03/05 13:45:00,1293.68,82.87,TRADE
SA1,2023/03/05 13:50:00,1285.42,31.33,TRADE
SA1,2023/03/05 13:55:00,1284.03,82.84,TRADE
SA1,2023/03/05 14:00:00,1263.65,74.61,TRADE
SA1,2023/03/05 14:05:00,1285.95,76.93,TRADE
SA1,2023/03/05 14:10:00,1309.41,73.95,TRADE
SA1,2023/03/05 14:15:00,1316.64,70.51,TRADE
SA1,2023/03/05 14:20:00,1302.29,66.47,TRADE
SA1,2023/03/05 14:25:00,1303.03,14.80,TRADE
SA1,2023/03/05 14:30:00,1288.82,5.40,TRADE
SA1,2023/03/05 14:35:00,1316.8,18.59,TRADE
SA1,2023/03/05 14:40:00,1311.35,-40.97,TRADE
SA1,2023/03/05 14:45:00,1321.5,-33.91,TRADE
SA1,2023/03/05 14:50:00,1331.06,9.23,TRADE
SA1,2023/03/05 14:55:00,1303.4,-33.14,TRADE
SA1,2023/03/05 15:00:00,1241.83,-13.75,TRADE
SA1,2023/03/05 15:05:00,1241.51,8,TRADE
SA1,2023/03/05 15:10:00,1270.55,-13.86,TRADE
SA1,2023/03/05 15:15:00,1287.76,8.49,TRADE
SA1,2023/03/05 15:20:00,1289.94,59.34,TRADE
SA1,2023/03/05 15:25:00,1261.85,48.23,TRADE
SA1,2023/03/05 15:30:00,1263.59,70.77,TRADE
SA1,2023/03/05 15:35:00,1313.4,77.71,TRADE
SA1,2023/03/05 15:40:00,1293.23,67.41,TRADE
SA1,2023/03/05 15:45:00,1276.12,75.53,TRADE
SA1,2023/03/05 15:50:00,1233.04,88.01,TRADE
SA1,2023/03/05 15:55:00,1225.24,76.82,TRADE
SA1,2023/03/05 16:00:00,1233.2,83.05,TRADE
SA1,2023/03/05 16:05:00,1286.54,93.40,TRADE
SA1,2023/03/05 16:10:00,1350.57,93.91,TRADE
SA1,2023/03/05 16:15:00,1346.58,81.71,TRADE
SA1,2023/03/05 16:20:00,1346.99,77.33,TRADE
SA1,2023/03/05 16:25:00,1317.88,-46,TRADE
SA1,2023/03/05 16:30:00,1393.98,20.66,TRADE
SA1,2023/03/05 16:35:00,1379.52,-35.85,TRADE
SA1,2023/03/05 16:40:00,1387.54,-42.01,TRADE
SA1,2023/03/05 16:45:00,1418.76,-42.01,TRADE
SA1,2023/03/05 16:50:00,1448.51,20.66,TRADE
SA1,2023/03/05 16:55:00,1446.34,35.94,TRADE
SA1,2023/03/05 17:00:00,1469.46,-42.01,TRADE
SA1,2023/03/05 17:05:00,1490.09,-45.90,TRADE
SA1,2023/03/05 17:10:00,1515.12,-46.24,TRADE
SA1,2023/03/05 17:15:00,1521.83,-46.24,TRADE
SA1,2023/03/05 17:20:00,1539.7,56.19,TRADE
SA1,2023/03/05 17:25:00,1537.02,-46.60,TRADE
SA1,2023/03/05 17:30:00,1562.6,-46.80,TRADE
SA1,2023/03/05 17:35:00,1547.69,-46.70,TRADE
SA1,2023/03/05 17:40:00,1566.45,-46.60,TRADE
SA1,2023/03/05 17:45:00,1577.41,-46.80,TRADE
SA1,2023/03/05 17:50:00,1560.9,-46.80,TRADE
SA1,2023/03/05 17:55:00,1539.09,-46.70,TRADE
SA1,2023/03/05 18:00:00,1536.47,-46.90,TRADE
SA1,2023/03/05 18:05:00,1539.3,-46.80,TRADE
SA1,2023/03/05 18:10:00,1523.37,-46.80,TRADE
SA1,2023/03/05 18:15:00,1457.64,-46.90,TRADE
SA1,2023/03/05 18:20:00,1450.59,-46.80,TRADE
SA1,2023/03/05 18:25:00,1452.34,-46.90,TRADE
SA1,2023/03/05 18:30:00,1447.9,-46.90,TRADE
SA1,2023/03/05 18:35:00,1442.25,-46.90,TRADE
SA1,2023/03/05 18:40:00,1461.65,-46.90,TRADE
SA1,2023/03/05 18:45:00,1490.98,-46.80,TRADE
SA1,2023/03/05 18:50:00,1498.17,-46.80,TRADE
SA1,2023/03/05 18:55:00,1491.59,-46.80,TRADE
SA1,2023/03/05 19:00:00,1492.97,-46.80,TRADE
SA1,2023/03/05 19:05:00,1481.57,-46.24,TRADE
SA1,2023/03/05 19:10:00,1509.33,-42.01,TRADE
SA1,2023/03/05 19:15:00,1518.55,-42.01,TRADE
SA1,2023/03/05 19:20:00,1526.25,-42.01,TRADE
SA1,2023/03/05 19:25:00,1517.49,-42.01,TRADE
SA1,2023/03/05 19:30:00,1495.01,-35.99,TRADE
SA1,2023/03/05 19:35:00,1522,-35.99,TRADE
SA1,2023/03/05 19:40:00,1498.88,-35.97,TRADE
SA1,2023/03/05 19:45:00,1522.91,-35.99,TRADE
SA1,2023/03/05 19:50:00,1506.16,-42.01,TRADE
SA1,2023/03/05 19:55:00,1509.34,-42.01,TRADE
SA1,2023/03/05 20:00:00,1490.63,-22.24,TRADE
SA1,2023/03/05 20:05:00,1505.77,-35.97,TRADE
SA1,2023/03/05 20:10:00,1508.63,-35.95,TRADE
SA1,2023/03/05 20:15:00,1481.99,-35.95,TRADE
SA1,2023/03/05 20:20:00,1456.13,-35.97,TRADE
SA1,2023/03/05 20:25:00,1467.34,-35.95,TRADE
SA1,2023/03/05 20:30:00,1457.39,-35.95,TRADE
SA1,2023/03/05 20:35:00,1463.97,8.01,TRADE
SA1,2023/03/05 20:40:00,1448.73,-22.66,TRADE
SA1,2023/03/05 20:45:00,1445.73,-35.95,TRADE
SA1,2023/03/05 20:50:00,1433.68,-35.95,TRADE
SA1,2023/03/05 20:55:00,1440.43,-35.97,TRADE
SA1,2023/03/05 21:00:00,1420.82,-35.99,TRADE
SA1,2023/03/05 21:05:00,1429.25,-35.99,TRADE
SA1,2023/03/05 21:10:00,1433.95,-35.97,TRADE
SA1,2023/03/05 21:15:00,1425.14,-17.19,TRADE
SA1,2023/03/05 21:20:00,1425.08,-35.99,TRADE
SA1,2023/03/05 21:25:00,1413.55,-35.99,TRADE
SA1,2023/03/05 21:30:00,1387.77,-45.90,TRADE
SA1,2023/03/05 21:35:00,1396.77,-42.01,TRADE
SA1,2023/03/05 21:40:00,1403.87,-42.01,TRADE
SA1,2023/03/05 21:45:00,1393.77,-46.24,TRADE
SA1,2023/03/05 21:50:00,1367.45,-46.70,TRADE
SA1,2023/03/05 21:55:00,1366.29,-46.70,TRADE
SA1,2023/03/05 22:00:00,1383.24,-35.95,TRADE
SA1,2023/03/05 22:05:00,1372.68,-32.68,TRADE
SA1,2023/03/05 22:10:00,1359.9,-33.68,TRADE
SA1,2023/03/05 22:15:00,1358.84,-33.68,TRADE
SA1,2023/03/05 22:20:00,1333,-33.48,TRADE
SA1,2023/03/05 22:25:00,1339.22,-22.51,TRADE
SA1,2023/03/05 22:30:00,1329.64,-32.49,TRADE
SA1,2023/03/05 22:35:00,1344.72,-35.99,TRADE
SA1,2023/03/05 22:40:00,1346.86,-35.95,TRADE
SA1,2023/03/05 22:45:00,1355.59,-32.99,TRADE
SA1,2023/03/05 22:50:00,1351.83,-32.99,TRADE
SA1,2023/03/05 22:55:00,1337.82,-32.10,TRADE
SA1,2023/03/05 23:00:00,1346.47,-42.01,TRADE
SA1,2023/03/05 23:05:00,1320.15,-42.01,TRADE
SA1,2023/03/05 23:10:00,1336.77,-42.01,TRADE
SA1,2023/03/05 23:15:00,1318.15,-45.90,TRADE
SA1,2023/03/05 23:20:00,1303.68,-45.90,TRADE
SA1,2023/03/05 23:25:00,1327.47,-42.01,TRADE
SA1,2023/03/05 23:30:00,1353.63,-22.96,TRADE
SA1,2023/03/05 23:35:00,1441.88,-23.77,TRADE
SA1,2023/03/05 23:40:00,1433.81,-23.91,TRADE
SA1,2023/03/05 23:45:00,1435.8,-24.59,TRADE
SA1,2023/03/05 23:50:00,1431.84,-31.43,TRADE
SA1,2023/03/05 23:55:00,1413.95,-35.76,TRADE
SA1,2023/03/06 00:00:00,1388.48,-34.98,TRADE
SA1,2023/03/06 00:05:00,1388.92,-34.98,TRADE
SA1,2023/03/06 00:10:00,1430.73,-34.21,TRADE
SA1,2023/03/06 00:15:00,1417.12,-34.60,TRADE
SA1,2023/03/06 00:20:00,1397.67,-34.79,TRADE
SA1,2023/03/06 00:25:00,1422.52,-36.75,TRADE
SA1,2023/03/06 00:30:00,1416.32,-36.55,TRADE
SA1,2023/03/06 00:35:00,1416.44,-36.38,TRADE
SA1,2023/03/06 00:40:00,1427.49,-36.97,TRADE
SA1,2023/03/06 00:45:00,1440.64,-37.38,TRADE
SA1,2023/03/06 00:50:00,1438.34,-26.14,TRADE
SA1,2023/03/06 00:55:00,1425.75,-33.05,TRADE
SA1,2023/03/06 01:00:00,1423.08,-33.41,TRADE
SA1,2023/03/06 01:05:00,1412.18,-37.98,TRADE
SA1,2023/03/06 01:10:00,1401.49,-38.40,TRADE
SA1,2023/03/06 01:15:00,1373.49,-38.21,TRADE
SA1,2023/03/06 01:20:00,1363.24,-37.99,TRADE
SA1,2023/03/06 01:25:00,1344.76,-37.79,TRADE
SA1,2023/03/06 01:30:00,1337.95,-35.99,TRADE
SA1,2023/03/06 01:35:00,1313.5,-38.60,TRADE
SA1,2023/03/06 01:40:00,1307.46,-38.40,TRADE
SA1,2023/03/06 01:45:00,1312.96,-35.99,TRADE
SA1,2023/03/06 01:50:00,1331.43,-39.43,TRADE
SA1,2023/03/06 01:55:00,1300.55,-35.99,TRADE
SA1,2023/03/06 02:00:00,1309.59,-21.50,TRADE
SA1,2023/03/06 02:05:00,1299.87,6.31,TRADE
SA1,2023/03/06 02:10:00,1297.94,-27.72,TRADE
SA1,2023/03/06 02:15:00,1286.81,-21.50,TRADE
SA1,2023/03/06 02:20:00,1276.8,2.99,TRADE
SA1,2023/03/06 02:25:00,1270.85,9.83,TRADE
SA1,2023/03/06 02:30:00,1281.55,9.77,TRADE
SA1,2023/03/06 02:35:00,1280.38,9.78,TRADE
SA1,2023/03/06 02:40:00,1266.12,9.68,TRADE
SA1,2023/03/06 02:45:00,1262.08,20.87,TRADE
SA1,2023/03/06 02:50:00,1257.19,21.09,TRADE
SA1,2023/03/06 02:55:00,1255.16,21.17,TRADE
SA1,2023/03/06 03:00:00,1261.86,21.30,TRADE
SA1,2023/03/06 03:05:00,1251.34,21.39,TRADE
SA1,2023/03/06 03:10:00,1257.67,32.41,TRADE
SA1,2023/03/06 03:15:00,1241.63,21.52,TRADE
SA1,2023/03/06 03:20:00,1248.39,24.67,TRADE
SA1,2023/03/06 03:25:00,1245.82,37.38,TRADE
SA1,2023/03/06 03:30:00,1231.55,45.08,TRADE
SA1,2023/03/06 03:35:00,1240.63,42.25,TRADE
SA1,2023/03/06 03:40:00,1240.36,39.98,TRADE
SA1,2023/03/06 03:45:00,1238.73,114.81,TRADE
SA1,2023/03/06 03:50:00,1253.45,110.08,TRADE
SA1,2023/03/06 03:55:00,1254.17,119.09,TRADE
SA1,2023/03/06 04:00:00,1237.72,40.67,TRADE
SA1,2023/03/06 04:05:00,1218.16,44.22,TRADE
SA1,2023/03/06 04:10:00,1222.78,97.09,TRADE
SA1,2023/03/06 04:15:00,1224.3,92.40,TRADE
SA1,2023/03/06 04:20:00,1213.99,76.41,TRADE
SA1,2023/03/06 04:25:00,1218.53,77.05,TRADE
SA1,2023/03/06 04:30:00,1243.49,172.44,TRADE
SA1,2023/03/06 04:35:00,1251.51,139.45,TRADE
SA1,2023/03/06 04:40:00,1260.55,379.95,TRADE
SA1,2023/03/06 04:45:00,1270.25,79.08,TRADE
SA1,2023/03/06 04:50:00,1265.59,98.44,TRADE
SA1,2023/03/06 04:55:00,1286.84,360.55,TRADE
SA1,2023/03/06 05:00:00,1280.39,139.45,TRADE
SA1,2023/03/06 05:05:00,1278.63,98.44,TRADE
SA1,2023/03/06 05:10:00,1302.39,300.89,TRADE
SA1,2023/03/06 05:15:00,1287.49,98.44,TRADE
SA1,2023/03/06 05:20:00,1296.17,98.44,TRADE
SA1,2023/03/06 05:25:00,1311.96,98.89,TRADE
SA1,2023/03/06 05:30:00,1334.27,300.89,TRADE
SA1,2023/03/06 05:35:00,1370.99,379.95,TRADE
SA1,2023/03/06 05:40:00,1377.49,98.44,TRADE
SA1,2023/03/06 05:45:00,1369.43,100.46,TRADE
SA1,2023/03/06 05:50:00,1384.72,110.03,TRADE
SA1,2023/03/06 05:55:00,1383.93,108.50,TRADE
SA1,2023/03/06 06:00:00,1395.78,169.15,TRADE
SA1,2023/03/06 06:05:00,1424.98,379.95,TRADE
SA1,2023/03/06 06:10:00,1422.97,379.95,TRADE
SA1,2023/03/06 06:15:00,1441.32,390,TRADE
SA1,2023/03/06 06:20:00,1443.14,300.89,TRADE
SA1,2023/03/06 06:25:00,1479.86,360.55,TRADE
SA1,2023/03/06 06:30:00,1473.39,390,TRADE
SA1,2023/03/06 06:35:00,1502.79,131.80,TRADE
SA1,2023/03/06 06:40:00,1516.31,229.93,TRADE
SA1,2023/03/06 06:45:00,1532.71,107.23,TRADE
SA1,2023/03/06 06:50:00,1538.37,137.80,TRADE
SA1,2023/03/06 06:55:00,1544.78,98.44,TRADE
SA1,2023/03/06 07:00:00,1520.85,97.21,TRADE
SA1,2023/03/06 07:05:00,1536.09,98.44,TRADE
SA1,2023/03/06 07:10:00,1501.34,98.37,TRADE
SA1,2023/03/06 07:15:00,1475.98,97.72,TRADE
SA1,2023/03/06 07:20:00,1474.77,92.64,TRADE
SA1,2023/03/06 07:25:00,1456.51,91.44,TRADE
SA1,2023/03/06 07:30:00,1461.13,90.50,TRADE
SA1,2023/03/06 07:35:00,1420.71,88.69,TRADE
SA1,2023/03/06 07:40:00,1432.36,89.38,TRADE
SA1,2023/03/06 07:45:00,1399.19,89.14,TRADE
SA1,2023/03/06 07:50:00,1392.23,87.63,TRADE
SA1,2023/03/06 07:55:00,1358.71,89.61,TRADE
SA1,2023/03/06 08:00:00,1309.38,27.31,TRADE
SA1,2023/03/06 08:05:00,1290.29,86.05,TRADE
SA1,2023/03/06 08:10:00,1257.33,85.83,TRADE
SA1,2023/03/06 08:15:00,1252.84,120.44,TRADE
SA1,2023/03/06 08:20:00,1278.06,345,TRADE
SA1,2023/03/06 08:25:00,1252.42,300.89,TRADE
SA1,2023/03/06 08:30:00,1239.65,75.44,TRADE
SA1,2023/03/06 08:35:00,1238.87,66.44,TRADE
SA1,2023/03/06 08:40:00,1184.84,1.10,TRADE
SA1,2023/03/06 08:45:00,1162.51,-45.90,TRADE
SA1,2023/03/06 08:50:00,1170.78,-42.51,TRADE
SA1,2023/03/06 08:55:00,1190.6,-41.46,TRADE
SA1,2023/03/06 09:00:00,1177.68,-1.57,TRADE
SA1,2023/03/06 09:05:00,1093.79,-40.21,TRADE
SA1,2023/03/06 09:10:00,1104.35,-40.64,TRADE
SA1,2023/03/06 09:15:00,1116.27,-41.49,TRADE
SA1,2023/03/06 09:20:00,1080.76,-40.02,TRADE
SA1,2023/03/06 09:25:00,1071.9,-21.03,TRADE
SA1,2023/03/06 09:30:00,1008.59,-44.85,TRADE
SA1,2023/03/06 09:35:00,1033.66,-38.57,TRADE
SA1,2023/03/06 09:40:00,1014.04,-44.61,TRADE
SA1,2023/03/06 09:45:00,1065.07,-39.74,TRADE
SA1,2023/03/06 09:50:00,1041.71,-46.70,TRADE
SA1,2023/03/06 09:55:00,1066.53,-46.24,TRADE
SA1,2023/03/06 10:00:00,1080.04,-21.70,TRADE
SA1,2023/03/06 10:05:00,1071.39,-40.61,TRADE
SA1,2023/03/06 10:10:00,1142.56,-41.31,TRADE
SA1,2023/03/06 10:15:00,1178.94,-42.01,TRADE
SA1,2023/03/06 10:20:00,1171.64,-42.60,TRADE
SA1,2023/03/06 10:25:00,1107.02,-46.60,TRADE
SA1,2023/03/06 10:30:00,1047.11,-46.90,TRADE
SA1,2023/03/06 10:35:00,1005.53,-49.04,TRADE
SA1,2023/03/06 10:40:00,943.82,-52.75,TRADE
SA1,2023/03/06 10:45:00,884.61,-57.03,TRADE
SA1,2023/03/06 10:50:00,920.97,-60.74,TRADE
SA1,2023/03/06 10:55:00,932.32,-59.57,TRADE
SA1,2023/03/06 11:00:00,1007.54,-60.85,TRADE
SA1,2023/03/06 11:05:00,1063.29,-47.84,TRADE
SA1,2023/03/06 11:10:00,1112.76,-48.58,TRADE
SA1,2023/03/06 11:15:00,1145.68,-49.59,TRADE
SA1,2023/03/06 11:20:00,1165.15,-49.83,TRADE
SA1,2023/03/06 11:25:00,1143.44,-46.90,TRADE
SA1,2023/03/06 11:30:00,1133.61,-57.53,TRADE
SA1,2023/03/06 11:35:00,1175.75,-57.84,TRADE
SA1,2023/03/06 11:40:00,1123.76,-60.49,TRADE
SA1,2023/03/06 11:45:00,1030.78,-58.52,TRADE
SA1,2023/03/06 11:50:00,975.01,-58.61,TRADE
SA1,2023/03/06 11:55:00,892.17,-57.05,TRADE
SA1,2023/03/06 12:00:00,848.66,-55.81,TRADE
SA1,2023/03/06 12:05:00,846.54,-54.88,TRADE
SA1,2023/03/06 12:10:00,824.45,-55.19,TRADE
SA1,2023/03/06 12:15:00,777.55,-54.27,TRADE
SA1,2023/03/06 12:20:00,763.62,-53.03,TRADE
SA1,2023/03/06 12:25:00,751.92,-51.52,TRADE
SA1,2023/03/06 12:30:00,787.41,-52.75,TRADE
SA1,2023/03/06 12:35:00,811,-52.73,TRADE
SA1,2023/03/06 12:40:00,827.35,-52.43,TRADE
SA1,2023/03/06 12:45:00,821.61,-52.13,TRADE
SA1,2023/03/06 12:50:00,796.56,-51.81,TRADE
SA1,2023/03/06 12:55:00,850.77,-52.73,TRADE
SA1,2023/03/06 13:00:00,841.59,-51.81,TRADE
SA1,2023/03/06 13:05:00,876.69,-51.51,TRADE
SA1,2023/03/06 13:10:00,866.46,-52.73,TRADE
SA1,2023/03/06 13:15:00,883.36,-51.25,TRADE
SA1,2023/03/06 13:20:00,900.76,-53.91,TRADE
SA1,2023/03/06 13:25:00,889.65,-52.70,TRADE
SA1,2023/03/06 13:30:00,875.65,-50.62,TRADE
SA1,2023/03/06 13:35:00,803.99,-50,TRADE
SA1,2023/03/06 13:40:00,734.31,-99.99,TRADE
SA1,2023/03/06 13:45:00,688.9,-102,TRADE
SA1,2023/03/06 13:50:00,681,-51.20,TRADE
SA1,2023/03/06 13:55:00,685.77,-50.60,TRADE
SA1,2023/03/06 14:00:00,684.98,-50.89,TRADE
SA1,2023/03/06 14:05:00,724.18,-52.69,TRADE
SA1,2023/03/06 14:10:00,712.37,-50.66,TRADE
SA1,2023/03/06 14:15:00,731.8,-52,TRADE
SA1,2023/03/06 14:20:00,698.92,-51.20,TRADE
SA1,2023/03/06 14:25:00,670.99,-50,TRADE
SA1,2023/03/06 14:30:00,683.41,-50.28,TRADE
SA1,2023/03/06 14:35:00,743.33,-49.18,TRADE
SA1,2023/03/06 14:40:00,787.47,-50.45,TRADE
SA1,2023/03/06 14:45:00,790.52,-50.14,TRADE
SA1,2023/03/06 14:50:00,861.05,-53.36,TRADE
SA1,2023/03/06 14:55:00,865.49,-46.90,TRADE
SA1,2023/03/06 15:00:00,903.37,-46.90,TRADE
SA1,2023/03/06 15:05:00,968.4,-46.90,TRADE
SA1,2023/03/06 15:10:00,962.49,-46.60,TRADE
SA1,2023/03/06 15:15:00,1015.72,-46.80,TRADE
SA1,2023/03/06 15:20:00,972.55,-49.82,TRADE
SA1,2023/03/06 15:25:00,971.25,-49.80,TRADE
SA1,2023/03/06 15:30:00,953.78,-46.80,TRADE
SA1,2023/03/06 15:35:00,982.97,-46.90,TRADE
SA1,2023/03/06 15:40:00,954.42,-48.63,TRADE
SA1,2023/03/06 15:45:00,1019.9,-49.50,TRADE
SA1,2023/03/06 15:50:00,1035.75,-50.07,TRADE
SA1,2023/03/06 15:55:00,1056.78,-46.90,TRADE
SA1,2023/03/06 16:00:00,1084.47,-46.80,TRADE
SA1,2023/03/06 16:05:00,1113.16,-46.80,TRADE
SA1,2023/03/06 16:10:00,1143.6,-46.80,TRADE
SA1,2023/03/06 16:15:00,1132.39,-46.90,TRADE
SA1,2023/03/06 16:20:00,1125.25,-46.90,TRADE
SA1,2023/03/06 16:25:00,1143.14,-49.15,TRADE
SA1,2023/03/06 16:30:00,1199.32,-46.80,TRADE
SA1,2023/03/06 16:35:00,1232.88,-46.80,TRADE
SA1,2023/03/06 16:40:00,1232.16,-46.80,TRADE
SA1,2023/03/06 16:45:00,1246.71,-46.80,TRADE
SA1,2023/03/06 16:50:00,1222.89,-46.80,TRADE
SA1,2023/03/06 16:55:00,1227.8,-46.80,TRADE
SA1,2023/03/06 17:00:00,1266.48,-46.80,TRADE
SA1,2023/03/06 17:05:00,1337.69,-46.80,TRADE
SA1,2023/03/06 17:10:00,1396.18,-46.80,TRADE
SA1,2023/03/06 17:15:00,1428.3,-46.24,TRADE
SA1,2023/03/06 17:20:00,1474.17,7.68,TRADE
SA1,2023/03/06 17:25:00,1431.98,-46.70,TRADE
SA1,2023/03/06 17:30:00,1450.24,-46.24,TRADE
SA1,2023/03/06 17:35:00,1502.38,-46.24,TRADE
SA1,2023/03/06 17:40:00,1499.55,-45.90,TRADE
SA1,2023/03/06 17:45:00,1503.93,-46.24,TRADE
SA1,2023/03/06 17:50:00,1526.17,-45.90,TRADE
SA1,2023/03/06 17:55:00,1514.8,-35.85,TRADE
SA1,2023/03/06 18:00:00,1527.83,-42.01,TRADE
SA1,2023/03/06 18:05:00,1538.26,-46.24,TRADE
SA1,2023/03/06 18:10:00,1527.83,-46.24,TRADE
SA1,2023/03/06 18:15:00,1532.79,-42.01,TRADE
SA1,2023/03/06 18:20:00,1495.61,-45.90,TRADE
SA1,2023/03/06 18:25:00,1482.39,-46.24,TRADE
SA1,2023/03/06 18:30:00,1476.72,-46.70,TRADE
SA1,2023/03/06 18:35:00,1485.95,-46.60,TRADE
SA1,2023/03/06 18:40:00,1504.81,-46.24,TRADE
SA1,2023/03/06 18:45:00,1526.22,-45.90,TRADE
SA1,2023/03/06 18:50:00,1554.43,2.89,TRADE
SA1,2023/03/06 18:55:00,1572.09,-46.60,TRADE
SA1,2023/03/06 19:00:00,1612.45,-42.01,TRADE
SA1,2023/03/06 19:05:00,1592.87,-46.24,TRADE
SA1,2023/03/06 19:10:00,1583.82,-46.24,TRADE
SA1,2023/03/06 19:15:00,1578.71,-46.60,TRADE
SA1,2023/03/06 19:20:00,1570.56,-46.60,TRADE
SA1,2023/03/06 19:25:00,1571.57,-46.24,TRADE
SA1,2023/03/06 19:30:00,1580.15,-46.60,TRADE
SA1,2023/03/06 19:35:00,1592.59,-46.24,TRADE
SA1,2023/03/06 19:40:00,1596.63,-45.90,TRADE
SA1,2023/03/06 19:45:00,1618.03,-46.24,TRADE
SA1,2023/03/06 19:50:00,1597.32,-46.24,TRADE
SA1,2023/03/06 19:55:00,1599.13,-42.01,TRADE
SA1,2023/03/06 20:00:00,1590,25.33,TRADE
SA1,2023/03/06 20:05:00,1594.43,20.66,TRADE
SA1,2023/03/06 20:10:00,1590.28,16.56,TRADE
SA1,2023/03/06 20:15:00,1578.21,31.40,TRADE
SA1,2023/03/06 20:20:00,1556.11,10.41,TRADE
SA1,2023/03/06 20:25:00,1555.08,8.23,TRADE
SA1,2023/03/06 20:30:00,1549.61,9.31,TRADE
SA1,2023/03/06 20:35:00,1562.44,13.42,TRADE
SA1,2023/03/06 20:40:00,1542.02,14.03,TRADE
SA1,2023/03/06 20:45:00,1537.32,14.50,TRADE
SA1,2023/03/06 20:50:00,1516.43,2.99,TRADE
SA1,2023/03/06 20:55:00,1513.11,0.02,TRADE
SA1,2023/03/06 21:00:00,1510.37,0.02,TRADE
SA1,2023/03/06 21:05:00,1501.22,4.23,TRADE
SA1,2023/03/06 21:10:00,1494.7,7.94,TRADE
SA1,2023/03/06 21:15:00,1495.7,8.20,TRADE
SA1,2023/03/06 21:20:00,1464.22,1.94,TRADE
SA1,2023/03/06 21:25:00,1465.05,2.50,TRADE
SA1,2023/03/06 21:30:00,1441.55,0.17,TRADE
SA1,2023/03/06 21:35:00,1442.27,0.02,TRADE
SA1,2023/03/06 21:40:00,1423.14,-22.95,TRADE
SA1,2023/03/06 21:45:00,1438.8,-23.09,TRADE
SA1,2023/03/06 21:50:00,1422.67,-17.81,TRADE
SA1,2023/03/06 21:55:00,1417.81,-23.09,TRADE
SA1,2023/03/06 22:00:00,1401.03,-22.83,TRADE
SA1,2023/03/06 22:05:00,1408.95,-17.82,TRADE
SA1,2023/03/06 22:10:00,1384.64,-17.61,TRADE
SA1,2023/03/06 22:15:00,1370.37,-22.56,TRADE
SA1,2023/03/06 22:20:00,1370.08,-22.17,TRADE
SA1,2023/03/06 22:25:00,1372.52,-42.01,TRADE
SA1,2023/03/06 22:30:00,1368.41,-42.01,TRADE
SA1,2023/03/06 22:35:00,1367.1,-42.01,TRADE
SA1,2023/03/06 22:40:00,1357.95,-42.01,TRADE
SA1,2023/03/06 22:45:00,1346.8,-35.97,TRADE
SA1,2023/03/06 22:50:00,1325.66,-42.01,TRADE
SA1,2023/03/06 22:55:00,1319.74,-45.90,TRADE
SA1,2023/03/06 23:00:00,1313.82,-46.24,TRADE
SA1,2023/03/06 23:05:00,1317.04,-46.24,TRADE
SA1,2023/03/06 23:10:00,1302.87,-17.62,TRADE
SA1,2023/03/06 23:15:00,1314.45,-3.10,TRADE
SA1,2023/03/06 23:20:00,1314.38,-3.10,TRADE
SA1,2023/03/06 23:25:00,1322.39,-3.10,TRADE
SA1,2023/03/06 23:30:00,1343.63,-3.10,TRADE
SA1,2023/03/06 23:35:00,1410.56,1.31,TRADE
SA1,2023/03/06 23:40:00,1453.74,0.02,TRADE
SA1,2023/03/06 23:45:00,1419.78,0.02,TRADE
SA1,2023/03/06 23:50:00,1404.06,0.02,TRADE
SA1,2023/03/06 23:55:00,1383.66,-3.10,TRADE
SA1,2023/03/07 00:00:00,1377.33,-3.10,TRADE
SA1,2023/03/07 00:05:00,1367.62,-42.01,TRADE
SA1,2023/03/07 00:10:00,1409.36,-22.86,TRADE
SA1,2023/03/07 00:15:00,1414.36,-23.26,TRADE
SA1,2023/03/07 00:20:00,1403.76,-23.25,TRADE
SA1,2023/03/07 00:25:00,1411.81,-34.48,TRADE
SA1,2023/03/07 00:30:00,1409.4,-26.40,TRADE
SA1,2023/03/07 00:35:00,1421.84,-29.91,TRADE
SA1,2023/03/07 00:40:00,1412.78,-23.66,TRADE
SA1,2023/03/07 00:45:00,1394.44,-23.39,TRADE
SA1,2023/03/07 00:50:00,1407.72,-23.39,TRADE
SA1,2023/03/07 00:55:00,1404.8,-23.40,TRADE
SA1,2023/03/07 01:00:00,1413.12,-18.15,TRADE
SA1,2023/03/07 01:05:00,1385.99,0.02,TRADE
SA1,2023/03/07 01:10:00,1376.1,-23.13,TRADE
SA1,2023/03/07 01:15:00,1366.81,-29.41,TRADE
SA1,2023/03/07 01:20:00,1339.57,-23.13,TRADE
SA1,2023/03/07 01:25:00,1321.17,-30.60,TRADE
SA1,2023/03/07 01:30:00,1313.2,-34.20,TRADE
SA1,2023/03/07 01:35:00,1302.92,-33.62,TRADE
SA1,2023/03/07 01:40:00,1308.53,-32.89,TRADE
SA1,2023/03/07 01:45:00,1319.17,-33.28,TRADE
SA1,2023/03/07 01:50:00,1313.75,-33.29,TRADE
SA1,2023/03/07 01:55:00,1290.14,-23.81,TRADE
SA1,2023/03/07 02:00:00,1281.68,-34.44,TRADE
SA1,2023/03/07 02:05:00,1281.24,-33.66,TRADE
SA1,2023/03/07 02:10:00,1294.36,-34.80,TRADE
SA1,2023/03/07 02:15:00,1266.66,-34.41,TRADE
SA1,2023/03/07 02:20:00,1253.94,-34.32,TRADE
SA1,2023/03/07 02:25:00,1256.95,-34.79,TRADE
SA1,2023/03/07 02:30:00,1248.68,-35.03,TRADE
SA1,2023/03/07 02:35:00,1232.85,-34.80,TRADE
SA1,2023/03/07 02:40:00,1231.36,-34.40,TRADE
SA1,2023/03/07 02:45:00,1229.66,-34.01,TRADE
SA1,2023/03/07 02:50:00,1214.79,-29.77,TRADE
SA1,2023/03/07 02:55:00,1227.85,-24.09,TRADE
SA1,2023/03/07 03:00:00,1222.59,-30.63,TRADE
SA1,2023/03/07 03:05:00,1208.43,-30.28,TRADE
SA1,2023/03/07 03:10:00,1212.84,-34.45,TRADE
SA1,2023/03/07 03:15:00,1209.99,-34.45,TRADE
SA1,2023/03/07 03:20:00,1207.71,-24.50,TRADE
SA1,2023/03/07 03:25:00,1210.12,-24.50,TRADE
SA1,2023/03/07 03:30:00,1203.6,-35.24,TRADE
SA1,2023/03/07 03:35:00,1209.1,-24.64,TRADE
SA1,2023/03/07 03:40:00,1200.8,-24.77,TRADE
SA1,2023/03/07 03:45:00,1232.48,-19.86,TRADE
SA1,2023/03/07 03:50:00,1206.38,-19.86,TRADE
SA1,2023/03/07 03:55:00,1194.4,-20.07,TRADE
SA1,2023/03/07 04:00:00,1202.39,0.02,TRADE
SA1,2023/03/07 04:05:00,1212.66,0.02,TRADE
SA1,2023/03/07 04:10:00,1200.19,9.23,TRADE
SA1,2023/03/07 04:15:00,1186.58,9.18,TRADE
SA1,2023/03/07 04:20:00,1201.55,9.27,TRADE
SA1,2023/03/07 04:25:00,1207.17,9.41,TRADE
SA1,2023/03/07 04:30:00,1239.96,9.51,TRADE
SA1,2023/03/07 04:35:00,1251.25,9.56,TRADE
SA1,2023/03/07 04:40:00,1251.44,9.72,TRADE
SA1,2023/03/07 04:45:00,1256.04,9.77,TRADE
SA1,2023/03/07 04:50:00,1250.49,9.72,TRADE
SA1,2023/03/07 04:55:00,1250.49,9.72,TRADE
SA1,2023/03/07 05:00:00,1264.49,9.72,TRADE
SA1,2023/03/07 05:05:00,1263.53,9.66,TRADE
SA1,2023/03/07 05:10:00,1288.36,36.36,TRADE
SA1,2023/03/07 05:15:00,1278.86,51.40,TRADE
SA1,2023/03/07 05:20:00,1278.79,95.91,TRADE
SA1,2023/03/07 05:25:00,1278.46,96.79,TRADE
SA1,2023/03/07 05:30:00,1303.44,120.70,TRADE
SA1,2023/03/07 05:35:00,1312.14,91.38,TRADE
SA1,2023/03/07 05:40:00,1348.1,98.73,TRADE
SA1,2023/03/07 05:45:00,1360.35,91.05,TRADE
SA1,2023/03/07 05:50:00,1355.16,95.84,TRADE
SA1,2023/03/07 05:55:00,1347.43,93.46,TRADE
SA1,2023/03/07 06:00:00,1379.12,98.10,TRADE
SA1,2023/03/07 06:05:00,1388.54,85.46,TRADE
SA1,2023/03/07 06:10:00,1423.71,86.73,TRADE
SA1,2023/03/07 06:15:00,1431.1,114.46,TRADE
SA1,2023/03/07 06:20:00,1441.53,138.53,TRADE
SA1,2023/03/07 06:25:00,1484.13,95.79,TRADE
SA1,2023/03/07 06:30:00,1463.92,84.88,TRADE
SA1,2023/03/07 06:35:00,1478.93,84.63,TRADE
SA1,2023/03/07 06:40:00,1500.83,89.15,TRADE
SA1,2023/03/07 06:45:00,1517.65,82.34,TRADE
SA1,2023/03/07 06:50:00,1518.65,81.40,TRADE
SA1,2023/03/07 06:55:00,1543.32,86.58,TRADE
SA1,2023/03/07 07:00:00,1552.1,84.68,TRADE
SA1,2023/03/07 07:05:00,1535.7,85.28,TRADE
SA1,2023/03/07 07:10:00,1493.14,80.30,TRADE
SA1,2023/03/07 07:15:00,1478.04,76.92,TRADE
SA1,2023/03/07 07:20:00,1466.29,1.23,TRADE
SA1,2023/03/07 07:25:00,1481.48,20.07,TRADE
SA1,2023/03/07 07:30:00,1492.6,20.79,TRADE
SA1,2023/03/07 07:35:00,1473.1,72.07,TRADE
SA1,2023/03/07 07:40:00,1478.48,86.13,TRADE
SA1,2023/03/07 07:45:00,1460.44,21.55,TRADE
SA1,2023/03/07 07:50:00,1460.07,22.10,TRADE
SA1,2023/03/07 07:55:00,1454.38,22.21,TRADE
SA1,2023/03/07 08:00:00,1420.07,-35.97,TRADE
SA1,2023/03/07 08:05:00,1401.26,14.04,TRADE
SA1,2023/03/07 08:10:00,1390.15,1.41,TRADE
SA1,2023/03/07 08:15:00,1365.93,10.29,TRADE
SA1,2023/03/07 08:20:00,1374.17,-35.95,TRADE
SA1,2023/03/07 08:25:00,1355.03,-35.95,TRADE
SA1,2023/03/07 08:30:00,1339.08,-23.03,TRADE
SA1,2023/03/07 08:35:00,1332.66,-35.97,TRADE
SA1,2023/03/07 08:40:00,1305.94,-11.23,TRADE
SA1,2023/03/07 08:45:00,1298.83,-35.99,TRADE
SA1,2023/03/07 08:50:00,1253.18,-35.97,TRADE
SA1,2023/03/07 08:55:00,1216.31,-35.99,TRADE
SA1,2023/03/07 09:00:00,1168.47,-45.90,TRADE
SA1,2023/03/07 09:05:00,1133.29,-52,TRADE
SA1,2023/03/07 09:10:00,1120.6,-52,TRADE
SA1,2023/03/07 09:15:00,1093.6,-53.80,TRADE
SA1,2023/03/07 09:20:00,1090.44,-55.98,TRADE
SA1,2023/03/07 09:25:00,1104.27,-54.90,TRADE
SA1,2023/03/07 09:30:00,1095.42,-55.41,TRADE
SA1,2023/03/07 09:35:00,1102.23,-53.81,TRADE
SA1,2023/03/07 09:40:00,1101,-58.65,TRADE
SA1,2023/03/07 09:45:00,1130.71,-62.62,TRADE
SA1,2023/03/07 09:50:00,1095.86,-62.63,TRADE
SA1,2023/03/07 09:55:00,1059.43,-61.67,TRADE
SA1,2023/03/07 10:00:00,1061.34,-61.99,TRADE
SA1,2023/03/07 10:05:00,1057.5,-62.02,TRADE
SA1,2023/03/07 10:10:00,1062.13,-62.33,TRADE
SA1,2023/03/07 10:15:00,1032.74,-61.38,TRADE
SA1,2023/03/07 10:20:00,1079.65,-53.56,TRADE
SA1,2023/03/07 10:25:00,1037.21,-53.76,TRADE
SA1,2023/03/07 10:30:00,1088.59,-52,TRADE
SA1,2023/03/07 10:35:00,1043.86,-55,TRADE
SA1,2023/03/07 10:40:00,1040.45,-57.62,TRADE
SA1,2023/03/07 10:45:00,1035.71,-61.39,TRADE
SA1,2023/03/07 10:50:00,1038.79,-60.68,TRADE
SA1,2023/03/07 10:55:00,1078.79,-60.71,TRADE
SA1,2023/03/07 11:00:00,1098.09,-61.98,TRADE
SA1,2023/03/07 11:05:00,1102.56,-62.30,TRADE
SA1,2023/03/07 11:10:00,1092.35,-61.35,TRADE
SA1,2023/03/07 11:15:00,1072.17,-60.72,TRADE
SA1,2023/03/07 11:20:00,1091.55,-64.63,TRADE
SA1,2023/03/07 11:25:00,1024.17,-63.26,TRADE
SA1,2023/03/07 11:30:00,1017.25,-62.30,TRADE
SA1,2023/03/07 11:35:00,997.98,-61.98,TRADE
SA1,2023/03/07 11:40:00,1015.28,-61.65,TRADE
SA1,2023/03/07 11:45:00,994.8,-61.67,TRADE
SA1,2023/03/07 11:50:00,1013.12,-63.43,TRADE
SA1,2023/03/07 11:55:00,1027.43,-61.97,TRADE
SA1,2023/03/07 12:00:00,1023.51,-61.99,TRADE
SA1,2023/03/07 12:05:00,957.22,-61.45,TRADE
SA1,2023/03/07 12:10:00,939.4,-59.45,TRADE
SA1,2023/03/07 12:15:00,924.59,-58.82,TRADE
SA1,2023/03/07 12:20:00,905.18,-58.18,TRADE
SA1,2023/03/07 12:25:00,897.38,-58.80,TRADE
SA1,2023/03/07 12:30:00,915.87,-57.57,TRADE
SA1,2023/03/07 12:35:00,918.2,-58.18,TRADE
SA1,2023/03/07 12:40:00,920.16,-58.80,TRADE
SA1,2023/03/07 12:45:00,924.19,-57.95,TRADE
SA1,2023/03/07 12:50:00,921.12,-57.64,TRADE
SA1,2023/03/07 12:55:00,942.48,-57.66,TRADE
SA1,2023/03/07 13:00:00,973.6,-58.26,TRADE
SA1,2023/03/07 13:05:00,949.54,-53,TRADE
SA1,2023/03/07 13:10:00,953.26,-55.71,TRADE
SA1,2023/03/07 13:15:00,955.6,-54.19,TRADE
SA1,2023/03/07 13:20:00,918.52,-53.29,TRADE
SA1,2023/03/07 13:25:00,856.23,-51.79,TRADE
SA1,2023/03/07 13:30:00,822.12,-50.59,TRADE
SA1,2023/03/07 13:35:00,821.57,-51.57,TRADE
SA1,2023/03/07 13:40:00,841.04,-51.20,TRADE
SA1,2023/03/07 13:45:00,867.87,-52.39,TRADE
SA1,2023/03/07 13:50:00,875.61,-52.69,TRADE
SA1,2023/03/07 13:55:00,914.66,-51.79,TRADE
SA1,2023/03/07 14:00:00,958.35,-53.30,TRADE
SA1,2023/03/07 14:05:00,944.95,-52.48,TRADE
SA1,2023/03/07 14:10:00,954.18,-52.70,TRADE
SA1,2023/03/07 14:15:00,991.82,-53.91,TRADE
SA1,2023/03/07 14:20:00,1008.19,-54.51,TRADE
SA1,2023/03/07 14:25:00,970.06,-52.98,TRADE
SA1,2023/03/07 14:30:00,980.96,-53.60,TRADE
SA1,2023/03/07 14:35:00,998.44,-52.67,TRADE
SA1,2023/03/07 14:40:00,1020.88,-51.16,TRADE
SA1,2023/03/07 14:45:00,1037.34,-50.86,TRADE
SA1,2023/03/07 14:50:00,986.41,-50.26,TRADE
SA1,2023/03/07 14:55:00,967.18,-50,TRADE
SA1,2023/03/07 15:00:00,979.81,-55,TRADE
SA1,2023/03/07 15:05:00,977.41,-92.97,TRADE
SA1,2023/03/07 15:10:00,973.76,-91.20,TRADE
SA1,2023/03/07 15:15:00,994.68,-99.99,TRADE
SA1,2023/03/07 15:20:00,1002,-50.82,TRADE
SA1,2023/03/07 15:25:00,1008.98,-51.40,TRADE
SA1,2023/03/07 15:30:00,1026.94,-50.79,TRADE
SA1,2023/03/07 15:35:00,1070.99,-51.41,TRADE
SA1,2023/03/07 15:40:00,1105.35,-51.40,TRADE
SA1,2023/03/07 15:45:00,1060.88,-50.48,TRADE
SA1,2023/03/07 15:50:00,1107.91,-49.67,TRADE
SA1,2023/03/07 15:55:00,1135.12,-50.34,TRADE
SA1,2023/03/07 16:00:00,1189.74,-50,TRADE
SA1,2023/03/07 16:05:00,1186.03,-51.39,TRADE
SA1,2023/03/07 16:10:00,1217.19,-53.17,TRADE
SA1,2023/03/07 16:15:00,1215.13,-52.86,TRADE
SA1,2023/03/07 16:20:00,1246.34,-52.87,TRADE
SA1,2023/03/07 16:25:00,1246.74,-52.68,TRADE
SA1,2023/03/07 16:30:00,1271.69,-43.71,TRADE
SA1,2023/03/07 16:35:00,1255.69,-38.29,TRADE
SA1,2023/03/07 16:40:00,1271.57,-38.51,TRADE
SA1,2023/03/07 16:45:00,1260.67,-39.17,TRADE
SA1,2023/03/07 16:50:00,1318.33,-35.99,TRADE
SA1,2023/03/07 16:55:00,1322.48,-35.99,TRADE
SA1,2023/03/07 17:00:00,1325.99,-35.99,TRADE
SA1,2023/03/07 17:05:00,1363.51,-35.99,TRADE
SA1,2023/03/07 17:10:00,1391.09,-35.99,TRADE
SA1,2023/03/07 17:15:00,1381.18,-42.75,TRADE
SA1,2023/03/07 17:20:00,1429.68,-35.99,TRADE
SA1,2023/03/07 17:25:00,1412.19,-35.99,TRADE
SA1,2023/03/07 17:30:00,1423.41,-35.99,TRADE
SA1,2023/03/07 17:35:00,1425.03,-35.99,TRADE
SA1,2023/03/07 17:40:00,1410.21,-35.99,TRADE
SA1,2023/03/07 17:45:00,1416.51,-35.99,TRADE
SA1,2023/03/07 17:50:00,1462.48,-35.99,TRADE
SA1,2023/03/07 17:55:00,1502.97,-35.99,TRADE
SA1,2023/03/07 18:00:00,1511.13,-35.97,TRADE
SA1,2023/03/07 18:05:00,1512.77,-2.47,TRADE
SA1,2023/03/07 18:10:00,1529.58,9.98,TRADE
SA1,2023/03/07 18:15:00,1519.93,9.84,TRADE
SA1,2023/03/07 18:20:00,1534.84,28.51,TRADE
SA1,2023/03/07 18:25:00,1542.7,81.53,TRADE
SA1,2023/03/07 18:30:00,1549.48,84.55,TRADE
SA1,2023/03/07 18:35:00,1531.96,8.65,TRADE
SA1,2023/03/07 18:40:00,1546.63,10.45,TRADE
SA1,2023/03/07 18:45:00,1538.18,8.55,TRADE
SA1,2023/03/07 18:50:00,1571.55,8.65,TRADE
SA1,2023/03/07 18:55:00,1550.89,8.88,TRADE
SA1,2023/03/07 19:00:00,1554.88,8.70,TRADE
SA1,2023/03/07 19:05:00,1555.47,8.71,TRADE
SA1,2023/03/07 19:10:00,1569.78,8.90,TRADE
SA1,2023/03/07 19:15:00,1560.13,14.79,TRADE
SA1,2023/03/07 19:20:00,1565.54,10.84,TRADE
SA1,2023/03/07 19:25:00,1573.28,9.37,TRADE
SA1,2023/03/07 19:30:00,1593.16,9.32,TRADE
SA1,2023/03/07 19:35:00,1580,9.03,TRADE
SA1,2023/03/07 19:40:00,1585.29,9.14,TRADE
SA1,2023/03/07 19:45:00,1583.02,20.86,TRADE
SA1,2023/03/07 19:50:00,1578.94,9.34,TRADE
SA1,2023/03/07 19:55:00,1574.43,9.63,TRADE
SA1,2023/03/07 20:00:00,1557.92,11.48,TRADE
SA1,2023/03/07 20:05:00,1543.26,9.53,TRADE
SA1,2023/03/07 20:10:00,1547.13,9.58,TRADE
SA1,2023/03/07 20:15:00,1554.35,16.73,TRADE
SA1,2023/03/07 20:20:00,1553.43,9.34,TRADE
SA1,2023/03/07 20:25:00,1548.66,9.28,TRADE
SA1,2023/03/07 20:30:00,1536.97,9.28,TRADE
SA1,2023/03/07 20:35:00,1534.48,9.35,TRADE
SA1,2023/03/07 20:40:00,1534.84,9.35,TRADE
SA1,2023/03/07 20:45:00,1523.69,9.14,TRADE
SA1,2023/03/07 20:50:00,1502.17,2.60,TRADE
SA1,2023/03/07 20:55:00,1503.46,0.22,TRADE
SA1,2023/03/07 21:00:00,1504.02,0.22,TRADE
SA1,2023/03/07 21:05:00,1487.17,8.95,TRADE
SA1,2023/03/07 21:10:00,1476.61,4.94,TRADE
SA1,2023/03/07 21:15:00,1479.34,6.16,TRADE
SA1,2023/03/07 21:20:00,1464.24,2.60,TRADE
SA1,2023/03/07 21:25:00,1458.91,2.64,TRADE
SA1,2023/03/07 21:30:00,1461.93,6.36,TRADE
SA1,2023/03/07 21:35:00,1458.04,9.64,TRADE
SA1,2023/03/07 21:40:00,1464,3.02,TRADE
SA1,2023/03/07 21:45:00,1451.48,9.54,TRADE
SA1,2023/03/07 21:50:00,1437.14,9.76,TRADE
SA1,2023/03/07 21:55:00,1431.5,9.48,TRADE
SA1,2023/03/07 22:00:00,1409.99,0.22,TRADE
SA1,2023/03/07 22:05:00,1400.64,9.55,TRADE
SA1,2023/03/07 22:10:00,1410.23,0.33,TRADE
SA1,2023/03/07 22:15:00,1396.53,0.23,TRADE
SA1,2023/03/07 22:20:00,1376.12,0.34,TRADE
SA1,2023/03/07 22:25:00,1362.21,0.22,TRADE
SA1,2023/03/07 22:30:00,1358.08,0.02,TRADE
SA1,2023/03/07 22:35:00,1359.73,-20.37,TRADE
SA1,2023/03/07 22:40:00,1350.12,-17.47,TRADE
SA1,2023/03/07 22:45:00,1343.17,0.02,TRADE
SA1,2023/03/07 22:50:00,1347.6,0.04,TRADE
SA1,2023/03/07 22:55:00,1342.43,0.13,TRADE
SA1,2023/03/07 23:00:00,1330.06,0.20,TRADE
SA1,2023/03/07 23:05:00,1312.65,0.02,TRADE
SA1,2023/03/07 23:10:00,1318.25,0.23,TRADE
SA1,2023/03/07 23:15:00,1326.91,8.67,TRADE
SA1,2023/03/07 23:20:00,1330.1,0.19,TRADE
SA1,2023/03/07 23:25:00,1333.53,8.67,TRADE
SA1,2023/03/07 23:30:00,1365.87,8.82,TRADE
SA1,2023/03/07 23:35:00,1435.42,29.02,TRADE
SA1,2023/03/07 23:40:00,1442.49,9.40,TRADE
SA1,2023/03/07 23:45:00,1426.46,9.17,TRADE
SA1,2023/03/07 23:50:00,1422.01,9.30,TRADE
SA1,2023/03/07 23:55:00,1413.87,9.30,TRADE
SA1,2023/03/08 00:00:00,1429.97,9.31,TRADE
